name,engine
Maruti Swift Dzire VDI,1248.0
Skoda Rapid 1.5 TDI Ambition,1498.0
Honda City 2017-2020 EXi,1497.0
Hyundai i20 Sportz Diesel,1396.0
Maruti Swift VXI BSIII,1298.0
Hyundai Xcent 1.2 VTVT E Plus,1197.0
Maruti Wagon R ,1061.0
Maruti 800 DX BSII,796.0
Toyota Etios VXD,1364.0
Ford Figo Diesel Celebration Edition,1399.0
Renault Duster 110PS Diesel RxL,1461.0
Maruti Zen LX,993.0
Maruti Swift Dzire VDi,1248.0
Maruti Wagon R LXI Minor,1061.0
Mahindra KUV 100 mFALCON G80 K8 5str,1198.0
Maruti Ertiga SHVS VDI,1248.0
Hyundai i20 1.4 CRDi Asta,1396.0
Maruti Alto LX,796.0
Hyundai i20 2015-2017 Asta 1.4 CRDi,1396.0
Mahindra Verito 1.5 D4 BSIII,1461.0
Honda WR-V i-DTEC VX,1498.0
Maruti Swift Dzire ZDI,1248.0
Maruti SX4 ZDI,1248.0
Tata Tigor 2017-2020 XZ,1199.0
Maruti Baleno Delta 1.2,1197.0
Maruti Alto 800 LXI,796.0
Chevrolet Enjoy TCDi LTZ 7 Seater,1248.0
Maruti Omni E MPI STD BS IV,796.0
Maruti Vitara Brezza LDi Option,1248.0
Maruti Omni 8 Seater BSIV,796.0
Hyundai i20 1.2 Asta Dual Tone,1197.0
Maruti Vitara Brezza LDi,1248.0
Maruti Alto 800 CNG LXI Optional,796.0
Maruti Alto K10 VXI Airbag,998.0
Hyundai Verna VTVT 1.6 SX Option,1591.0
Datsun GO D,1198.0
Tata Safari DICOR 2.2 LX 4x2,2179.0
Maruti 800 Std,796.0
Jeep Compass 1.4 Limited Plus BSIV,1368.0
Honda City i VTEC VX,1497.0
Honda City V MT,1497.0
Maruti Swift Dzire VXi AT,1197.0
Maruti Vitara Brezza VDi,1248.0
Maruti Alto K10 VXI,998.0
Toyota Fortuner 4x4 MT,2982.0
Toyota Innova 2.5 G (Diesel) 7 Seater BS IV,2494.0
Mercedes-Benz B Class B180,2143.0
Honda Amaze S Diesel,1498.0
Mitsubishi Pajero Sport 4X4,2477.0
Honda City i DTEC S,1498.0
Maruti Ciaz Zeta,1462.0
Honda Jazz VX Diesel,1498.0
Toyota Innova Crysta 2.8 ZX AT BSIV,2755.0
Toyota Innova 2.5 G (Diesel) 7 Seater,2494.0
Audi A6 2.0 TDI Technology,1968.0
Toyota Corolla Altis 1.8 VL CVT,1798.0
Audi A6 2.0 TDI  Design Edition,1968.0
Mercedes-Benz New C-Class 220 CDI AT,2143.0
Tata Manza ELAN Quadrajet BS IV,1248.0
Hyundai i10 Magna,1197.0
Hyundai i20 Asta 1.4 CRDi,1396.0
Ford Figo 1.2P Titanium MT,1196.0
Volkswagen Ameo 1.5 TDI Highline 16 Alloy,1498.0
Honda City i DTEC VX,1498.0
Maruti Wagon R AMT VXI,998.0
Volkswagen Ameo 1.5 TDI Comfortline,1498.0
Maruti Vitara Brezza ZDi Plus AMT,1248.0
Maruti Swift VDI Deca,1248.0
Maruti Swift Star VDI,1248.0
Maruti Ertiga ZXI,1373.0
Volkswagen Vento Diesel Highline,1598.0
Toyota Innova 2.5 VX (Diesel) 8 Seater,2494.0
Ford EcoSport 1.5 TDCi Titanium Plus BSIV,1498.0
BMW X1 sDrive20i xLine,1998.0
Maruti Celerio ZXI MT BSIV,998.0
Datsun GO A Petrol,1198.0
Maruti Alto 800 VXI BSIV,796.0
Maruti Alto 800 LXI BSIV,796.0
Hyundai i10 Era 1.1,1086.0
Maruti Wagon R LXI LPG BSIV,998.0
Volkswagen Polo 1.2 MPI Comfortline,1198.0
Hyundai i10 Magna 1.1L,1086.0
Volkswagen Vento Petrol Highline,1598.0
Maruti Zen Estilo LXI BSIII,998.0
Hyundai i20 Asta Optional with Sunroof 1.2,1197.0
Maruti Swift Dzire LDI,1248.0
Hyundai Xcent 1.2 Kappa SX Option AT,1197.0
Maruti Alto LX BSIII,796.0
Hyundai i20 1.4 Asta Option,1396.0
Maruti Wagon R VXI,998.0
Tata Manza Aura (ABS) Quadrajet,1248.0
Maruti Swift VXI,1197.0
Maruti Eeco 7 Seater Standard BSIV,1196.0
Maruti Baleno Zeta 1.2,1197.0
Mahindra Scorpio VLX AT AIRBAG BSIV,2179.0
Ford Freestyle Titanium Petrol BSIV,1194.0
Hyundai Verna VTVT 1.6 SX,1591.0
Volkswagen Passat 1.8 TSI MT,1798.0
Tata Indica Vista Aura 1.2 Safire (ABS) BS IV,1172.0
Mahindra XUV500 W11 Option AWD,2179.0
Tata Indigo CS LS (TDI) BS-III,1405.0
Hyundai Verna 1.6 SX,1582.0
Hyundai i20 Magna 1.4 CRDi (Diesel),1396.0
Toyota Corolla Altis G,1798.0
Maruti Celerio VXI,998.0
Maruti Vitara Brezza ZDi Plus Dual Tone,1248.0
Maruti Swift Dzire VXI,1197.0
Maruti Wagon R VXI BS IV,998.0
Nissan Terrano XL 85 PS,1461.0
Hyundai Creta 1.6 CRDi SX,1582.0
Ford EcoSport 1.5 Diesel Titanium Plus BSIV,1498.0
Renault KWID 1.0,999.0
Maruti Alto LXi,796.0
Maruti Ertiga VDI,1248.0
Hyundai Santro Xing GLS,1086.0
Honda Amaze S i-VTEC,1198.0
Audi Q5 35TDI Premium Plus,1968.0
Lexus ES 300h,2487.0
Jaguar XF 2.0 Diesel Portfolio,1999.0
Jeep Wrangler 2016-2019 3.6 4X4,3604.0
Land Rover Discovery Sport TD4 SE,1999.0
Mercedes-Benz S-Class S 350 CDI,2987.0
BMW 5 Series 520d Sport Line,1995.0
BMW X4 M Sport X xDrive20d,1995.0
Skoda Superb LK 1.8 TSI AT,1798.0
Mercedes-Benz E-Class E250 Edition E,2143.0
MG Hector Sharp AT BSIV,1451.0
Honda City i-VTEC CVT VX,1497.0
Toyota Corolla Altis 1.8 G CVT,1798.0
Volvo XC40 D4 R-Design,1969.0
Audi Q7 35 TDI Quattro Premium,2967.0
Maruti Ciaz ZDi,1248.0
BMW 5 Series 523i,2497.0
Hyundai Elantra S,1797.0
Jaguar XE 2016-2019 2.0L Diesel Prestige,1999.0
Tata Nexon 1.2 Revotron XZ Plus Dual Tone,1198.0
Hyundai Elantra SX,1797.0
Skoda Rapid 1.6 MPI AT Elegance,1598.0
Mercedes-Benz CLA 200 CGI Sport,1991.0
Mercedes-Benz New C-Class C 200 AVANTGARDE,1991.0
Honda City V AT,1497.0
Toyota Glanza V CVT,1197.0
Tata Nexon 1.5 Revotorq XZA Plus DualTone,1497.0
BMW 3 Series 320d Luxury Line,1995.0
Toyota Camry 2.5 Hybrid,2494.0
BMW 5 Series 520d Luxury Line,1995.0
Toyota Camry W4 (AT),2362.0
Maruti Ertiga BSIV ZXI Plus,1373.0
Volvo XC90 T8 Excellence BSIV,1969.0
Ford Figo Aspire 1.2 Ti-VCT Trend,1196.0
Ford Figo Diesel LXI,1399.0
Maruti Swift VXI Optional,1197.0
Hyundai i20 Magna 1.2,1197.0
Maruti Ritz VDi,1248.0
Hyundai Grand i10 Magna,1197.0
Volkswagen Ameo 1.0 MPI Trendline,999.0
Hyundai Grand i10 Sportz,1197.0
Hyundai Xcent 1.2 Kappa S,1197.0
Honda City 1.5 EXI,1493.0
Toyota Corolla Altis Diesel D4DG,1364.0
Daewoo Matiz SD,796.0
Toyota Fortuner 4x2 Manual,2982.0
Mahindra KUV 100 mFALCON G80 K8,1198.0
Tata Zest Quadrajet 1.3 75PS XM,1248.0
Honda City 1.5 S MT,1497.0
Maruti Zen LXI,993.0
Maruti Wagon R VXI BS IV with ABS,998.0
Hyundai Verna Transform SX VTVT,1599.0
Hyundai Getz GLS,1341.0
Hyundai Elite i20 Sportz Plus BSIV,1197.0
Maruti Ciaz 1.3 Alpha,1248.0
Tata Tigor 1.2 Revotron XZ,1199.0
Honda City i VTEC S,1497.0
Honda Brio S MT,1198.0
Maruti Wagon R LXI CNG,998.0
Hyundai i20 Sportz 1.2,1197.0
Maruti Swift Dzire VXI 1.2,1197.0
Maruti Swift Dzire AMT VXI BS IV,1197.0
Tata Hexa XE,2179.0
Hyundai i20 Magna,1197.0
Toyota Corolla Altis 1.8 VL AT,1794.0
Maruti Baleno Alpha Automatic,1197.0
Tata Safari Storme EX,2179.0
Renault KWID RXT,799.0
Datsun GO T BSIV,1198.0
Maruti Vitara Brezza VDi Option,1248.0
Hyundai Xcent 1.2 VTVT SX,1197.0
Hyundai i20 1.2 Sportz,1197.0
Tata Zest Revotron 1.2 XT,1193.0
Nissan Sunny XL,1498.0
Ford EcoSport 1.5 Petrol Titanium Plus BSIV,1497.0
Nissan Micra Active XV S,1198.0
Maruti Wagon R LXI Optional,998.0
Mahindra Ssangyong Rexton RX5,2696.0
Mahindra Quanto C8,1493.0
Maruti Ritz LDi,1248.0
Hyundai Creta 1.6 CRDi SX Plus Dual Tone,1582.0
Mahindra XUV500 W4,2179.0
Maruti Eeco 5 Seater AC BSIV,1196.0
Hyundai Accent GLE,1495.0
Mahindra XUV500 W8 2WD,2179.0
Toyota Innova 2.5 EV (Diesel) PS 7 Seater BS IV,2494.0
Honda Amaze S CVT Petrol BSIV,1199.0
Hyundai i10 Sportz 1.2,1197.0
Maruti Ertiga SHVS ZDI Plus,1248.0
Hyundai Getz 1.3 GVS,1341.0
Hyundai i20 1.2 Magna,1197.0
Maruti Swift LXI Optional-O,1197.0
Tata Indica Vista TDI LS,1405.0
Maruti Ignis 1.3 Alpha,1248.0
Tata Hexa XTA,2179.0
Mahindra Marazzo M6 8Str,1497.0
Hyundai Verna 1.6 CRDI,1582.0
Maruti Swift Dzire LDi,1248.0
Honda City i DTEC V,1498.0
Maruti Swift Dzire ZDi,1248.0
Hyundai Xcent 1.2 CRDi E,1186.0
Toyota Fortuner 3.0 Diesel,2982.0
Tata Tiago 1.05 Revotorq XZ,1047.0
Nissan Sunny XL AT Special Edition,1498.0
Hyundai Elite i20 Magna Plus BSIV,1197.0
Toyota Innova 2.5 GX 7 STR,2494.0
Mahindra Thar CRDe,2498.0
Maruti Swift 1.2 DLX (Only Delhi),1197.0
Datsun GO D Petrol,1198.0
Mahindra Scorpio LX,2179.0
Tata Sumo Gold EX BSIII,2956.0
Tata Tiago Wizz 1.05 Revotorq,1047.0
Honda Brio Exclusive Edition,1198.0
Hyundai Grand i10 AT Asta,1197.0
Tata Manza Club Class Quadrajet90 LX,1248.0
Tata New Safari DICOR 2.2 EX 4x2,2179.0
Mahindra Bolero SLE,2523.0
Mahindra Bolero DI DX 7 Seater,2523.0
Mercedes-Benz GL-Class 220d 4MATIC Sport,2143.0
Hyundai i10 Sportz AT,1197.0
Maruti Swift VXI Deca,1197.0
Mahindra Bolero 2011-2019 ZLX,2523.0
Hyundai Verna 1.6 SX VTVT (O),1591.0
Hyundai i20 Active 1.2,1197.0
Maruti Baleno Zeta,1197.0
Hyundai i20 1.2 Asta,1197.0
Maruti Alto LXI,796.0
Hyundai Grand i10 CRDi Sportz,1120.0
Chevrolet Beat LS,1199.0
Tata Tigor 1.2 Revotron XZA,1199.0
Honda City i-DTEC VX,1498.0
Maruti Ertiga VXI,1373.0
Nissan Terrano XV Premium 110 PS,1461.0
Renault KWID RXL,799.0
Toyota Innova 2.5 GX (Diesel) 8 Seater,2494.0
Hyundai Creta 1.4 CRDi S Plus,1396.0
Tata Tiago 1.2 Revotron XZ,1199.0
Hyundai Grand i10 1.2 CRDi Sportz,1186.0
Maruti Baleno Zeta Automatic,1197.0
Maruti Swift ZXI ABS,1298.0
Maruti Swift LXI Option,1197.0
Maruti Celerio LXI,998.0
Toyota Innova 2.5 V Diesel 8-seater,2494.0
Nissan Micra Diesel XV,1461.0
Maruti A-Star Vxi,998.0
Maruti Swift Ldi BSIII,1248.0
Maruti Wagon R LXI,998.0
Ford Figo Diesel Titanium,1399.0
Mahindra XUV300 W8 Option BSIV,1197.0
Hyundai Creta 1.6 CRDi AT SX Plus,1582.0
Maruti Swift VXI BSIV,1197.0
Datsun GO T Option BSIV,1198.0
Hyundai Grand i10 Asta,1197.0
Toyota Fortuner 2.8 2WD MT BSIV,2755.0
Honda Brio 1.2 VX MT,1198.0
Volkswagen Ameo 1.2 MPI Comfortline Plus,1198.0
Nissan Sunny XV Special Edition,1498.0
Toyota Etios Liva GD SP,1364.0
Hyundai i10 Sportz,1197.0
Renault Duster 85PS Diesel RxL,1461.0
Toyota Innova 2.5 V Diesel 7-seater,2494.0
Tata Indigo CS eGLX BS IV,1193.0
Hyundai Elantra SX AT,1797.0
Tata Nano STD,624.0
Nissan Micra Diesel XL,1461.0
Volkswagen GTI 1.8 TSI,1798.0
Volvo XC40 D4 Inscription BSIV,1969.0
Maruti Baleno Alpha 1.3,1248.0
Honda Jazz VX,1199.0
Toyota Innova 2.5 VX (Diesel) 7 Seater,2494.0
Maruti Swift AMT VVT VXI,1197.0
Toyota Etios VX,1496.0
Maruti Swift AMT ZXI,1197.0
Honda Amaze V CVT Petrol BSIV,1199.0
Volvo V40 D3 R-Design,1984.0
Honda CR-V 2.4L 4WD AT,2354.0
Hyundai Verna 1.6 SX CRDi (O),1582.0
Toyota Innova 2.5 G1 Diesel 8-seater,2494.0
Maruti SX4 Celebration Diesel,1248.0
Hyundai Verna XXi ABS (Petrol),1599.0
Hyundai Verna CRDi SX,1493.0
Maruti Alto 800 VXI,796.0
Honda City i-VTEC CVT V,1497.0
Maruti Swift Dzire AMT VDI,1248.0
Tata Indigo LS,1405.0
Maruti Eeco CNG 5 Seater AC,1196.0
Mahindra XUV500 AT W10 AWD,2179.0
Maruti Alto K10 LXI,998.0
Hyundai EON Sportz,814.0
Tata Tiago 1.2 Revotron XE,1199.0
Maruti Eeco Smiles 5 Seater AC,1196.0
Honda Amaze S CVT Diesel BSIV,1498.0
Hyundai Creta 1.4 CRDi Base,1396.0
Maruti Alto LXi BSIII,796.0
Hyundai Xcent 1.1 CRDi S Option,1120.0
Toyota Etios Liva Diesel,1364.0
Maruti Swift Dzire ZDI Plus,1248.0
Maruti 800 AC BSIII,796.0
Volkswagen Polo 1.5 TDI Highline,1498.0
Mahindra Verito 1.5 D2 BSIII,1461.0
Maruti Swift VDI Optional,1248.0
Hyundai Xcent 1.2 Kappa S Option,1197.0
Ford Figo Diesel EXI,1399.0
Ford Figo 1.2P Titanium Plus MT,1196.0
Maruti Celerio ZXI,998.0
Hyundai Creta 1.6 VTVT S,1591.0
Tata Hexa XT,2179.0
Hyundai i20 Active 1.4 SX with AVN,1396.0
Mahindra Bolero 2011-2019 SLE,2523.0
Nissan Terrano XL Plus 85 PS,1461.0
Maruti Swift VXI Windsong Limited edition,1197.0
Datsun RediGO 1.0 S,999.0
Renault Duster 110PS Diesel RxZ,1461.0
Chevrolet Enjoy 1.3 TCDi LS 7,1248.0
Maruti SX4 S Cross 2015-2017 DDiS 200 Zeta,1248.0
Toyota Fortuner 4x2 AT,2982.0
Chevrolet Captiva LT,1991.0
Tata Indica Vista Aqua 1.4 TDI,1405.0
Nissan Micra Active XL Petrol,1198.0
Hyundai Verna Transform CRDi VGT SX ABS,1493.0
Mahindra KUV 100 mFALCON D75 K8,1198.0
Ford Fiesta Titanium 1.5 TDCi,1498.0
Tata Indigo CS LX DiCOR,1405.0
Maruti Wagon R VXI BSIII,998.0
Hyundai Verna 1.6 CRDi S,1582.0
Maruti Swift VDI BSIV,1248.0
Hyundai Verna 1.6 VTVT S Option,1591.0
Mahindra KUV 100 D75 K6 Plus,1198.0
Kia Seltos HTE D,1493.0
Hyundai Xcent 1.2 VTVT S,1197.0
Honda Brio 1.2 S MT,1198.0
Maruti Celerio LDi,793.0
Maruti Swift Dzire VXi,1298.0
Volkswagen Vento Diesel Trendline,1598.0
Toyota Etios Liva GD,1364.0
Honda Civic 1.8 V AT,1799.0
Maruti Ertiga BSIV VXI,1373.0
Chevrolet Beat Diesel LT,936.0
Tata New Safari DICOR 2.2 VX 4x2,2179.0
Ford Figo Petrol EXI,1196.0
Tata Indica V2 2001-2011 DLS BSIII,1396.0
Datsun RediGO S,799.0
Tata Indica V2 DLX BSII,1396.0
Mahindra Bolero 2011-2019 DI 4WD NON AC,2523.0
Hyundai i20 Asta Option 1.2,1197.0
Hyundai EON Era Plus,814.0
Maruti Swift Dzire 1.2 Vxi BSIV,1197.0
Chevrolet Beat LT,1199.0
Chevrolet Sail 1.2 LS ABS,1199.0
Jeep Compass 2.0 Longitude Option BSIV,1956.0
Maruti Alto K10 2010-2014 VXI,998.0
Hyundai i20 1.2 Asta Option,1197.0
Tata Venture EX 7 Str Captain Seats,1405.0
Hyundai EON Magna Plus,814.0
Hyundai Getz GLX,1341.0
Chevrolet Sail 1.2 LS,1199.0
Tata Zest Revotron 1.2T XM,1193.0
Ford Classic 1.4 Duratorq CLXI,1399.0
Toyota Innova 2.5 G (Diesel) 8 Seater,2494.0
Mahindra Bolero SLX,2523.0
Hyundai i20 1.2 Spotz,1197.0
Hyundai Grand i10 1.2 Kappa Sportz BSIV,1197.0
Honda Jazz 1.2 VX i VTEC,1199.0
Honda BR-V i-VTEC S MT,1497.0
Hyundai Verna S,1497.0
Nissan Micra XV CVT,1198.0
Datsun RediGO T Option,799.0
Hyundai Santro Sportz AMT BSIV,1086.0
Ford EcoSport 1.5 Diesel Trend BSIV,1498.0
Nissan Sunny XL D,1461.0
Jeep Compass 2.0 Limited,1956.0
Maruti Ertiga ZDI,1248.0
Tata Manza Aura Quadrajet,1248.0
Skoda Rapid 1.5 TDI Elegance,1498.0
Hyundai Verna 1.6 CRDi EX AT,1582.0
Mahindra Scorpio 1.99 S10,1997.0
Maruti Alto 800 LXI Optional,796.0
Hyundai i10 Magna 1.2 iTech SE,1197.0
Mahindra Bolero 2011-2019 SLX,2523.0
Maruti Wagon R VXI Optional,998.0
Toyota Innova 2.5 G (Diesel) 8 Seater BS IV,2494.0
Chevrolet Beat Diesel LS,936.0
Maruti Zen Estilo VXI BSIV,998.0
Honda Amaze VX i-DTEC,1498.0
Toyota Fortuner 2.8 2WD MT,2755.0
Ford Ecosport 1.5 Ti VCT MT Titanium,1499.0
Hyundai Grand i10 1.2 Kappa Magna AT,1197.0
Tata Aria Pride,2179.0
Tata Sumo CX 10 Str BSIV,1948.0
Tata Manza Aura Plus Quadrajet,1248.0
Hyundai i10 Sportz 1.1L,1086.0
Tata Indigo CS LX (TDI) BS-III,1405.0
Renault KWID 1.0 RXT Optional,999.0
Mahindra TUV 300 T8,1493.0
Maruti Ertiga SHVS ZDI,1248.0
Tata Tiago NRG Petrol,1199.0
Ford Figo Diesel ZXI,1399.0
Maruti Wagon R LXI BS IV,998.0
Hyundai i10 Era,1086.0
Tata Bolt Revotron XE,1193.0
Hyundai Grand i10 1.2 CRDi Asta,1186.0
Maruti Swift VDI,1248.0
Honda Accord V6 AT,2997.0
Mahindra Scorpio S10 7 Seater,2179.0
Hyundai Grand i10 CRDi Asta,1120.0
Ford EcoSport 1.5 TDCi Titanium BSIV,1498.0
Mahindra Bolero 2011-2019 DI - AC BS III,2523.0
Hyundai i20 Asta (o) 1.4 CRDi (Diesel),1396.0
Tata Bolt Quadrajet XE,1248.0
Mahindra Xylo E4 BS IV,2498.0
Tata Indica Vista Aura Safire Anniversary Edition,1172.0
Maruti A-Star Zxi,998.0
Hyundai i10 Asta,1197.0
Mahindra Thar CRDe AC,2498.0
Fiat Grande Punto Sport 90BHP,1248.0
Hyundai Getz 1.5 CRDi GVS,1493.0
Maruti S-Cross 2017-2020 Zeta DDiS 200 SH,1248.0
Tata Indica V2 Turbomax DLS BS IV,1405.0
Hyundai Xcent 1.2 Kappa Base,1197.0
Mahindra KUV 100 G80 K6 Plus,1198.0
Maruti Swift Dzire Tour S CNG,1197.0
Ford EcoSport 1.5 Diesel Titanium BSIV,1498.0
Toyota Yaris V CVT BSIV,1496.0
Mercedes-Benz E-Class E250 CDI Avantgarde,2143.0
Toyota Fortuner 4x2 4 Speed AT,2982.0
Mahindra KUV 100 G80 K2,1198.0
Ford Figo 1.2P Titanium Opt MT,1196.0
Nissan Sunny Diesel XV,1461.0
Hyundai Santro Xing GL Plus,1086.0
Mahindra Xylo D2 BS IV,2489.0
Mahindra Bolero 2011-2019 DI BSIII,2523.0
Maruti Swift Vdi BSIII,1248.0
Mahindra Xylo E6,2498.0
Maruti Wagon R LXI BSIII,998.0
Mahindra Bolero DI DX 8 Seater,2523.0
Maruti Zen Estilo LXI BS IV,998.0
Tata Nano Cx,624.0
Chevrolet Tavera Neo 3 LT 9 Seats BSIII,2499.0
Mahindra TUV 300 T6 Plus,1493.0
Mahindra Scorpio M2DI,2179.0
Honda CR-V 2.4 4WD AT,2354.0
Datsun GO Anniversary Edition,1198.0
Mahindra KUV 100 mFALCON G80 K2,1198.0
Hyundai i20 Sportz 1.4 CRDi,1396.0
Tata Indigo CS LS (TDI) BS III,1396.0
Mahindra Bolero 2011-2019 Plus AC,2523.0
Mahindra Bolero PLUS AC BSIII,2523.0
Mahindra Bolero 2011-2019 Plus - AC BSIII,2523.0
Nissan Sunny XE,1498.0
Tata Manza Club Class Quadrajet90 VX,1248.0
Hyundai Xcent 1.1 CRDi SX Option,1120.0
Ford Freestyle Titanium Plus Petrol BSIV,1194.0
Skoda Rapid Ultima 1.6 TDI Elegance,1598.0
Mahindra Bolero 2011-2019 Plus-AC Plus PS BSIII,2523.0
Volkswagen Polo 1.5 TDI Comfortline,1498.0
Mahindra XUV500 W10 2WD,2179.0
Tata Indica V2 DLX TC,1405.0
Hyundai Grand i10 1.2 Kappa Magna BSIV,1197.0
Tata Tiago 1.05 Revotorq XM,1047.0
Mahindra Scorpio VLX 2WD AIRBAG SE BSIV,2179.0
Toyota Innova 2.5 E Diesel MS 8-seater,2494.0
Tata Indigo eCS VX BSIV,1396.0
Ford Figo Aspire 1.2 Ti-VCT Titanium,1196.0
Mahindra Scorpio 2.6 CRDe SLE,2609.0
Hyundai EON D Lite,814.0
Tata Indica V2 DL BSIII,1396.0
Volkswagen Polo Diesel Highline 1.2L,1199.0
Mahindra Xylo D2,2489.0
Fiat Linea 1.3 Active,1248.0
Hyundai i20 1.4 CRDi Era,1396.0
Mahindra Xylo D4 BSIV,2498.0
Honda Amaze i-VTEC Privilege Edition,1198.0
Mahindra Scorpio S2 7 Seater,2523.0
Tata Indica Vista Quadrajet ZX,1248.0
Ford Endeavour Hurricane Limited Edition,2953.0
Ford Freestyle Trend Petrol BSIV,1194.0
Chevrolet Aveo U-VA 1.2 LS,1150.0
Mahindra Bolero SLX 2WD BSIII,2523.0
Mahindra Scorpio 2.6 SPORTZ CRDe,2179.0
Hyundai Santro Xing GL,1086.0
Datsun RediGO Sport,799.0
Mahindra Bolero ZLX BSIII,2523.0
Maruti 800 AC,796.0
Mahindra XUV500 W6 2WD,2179.0
Chevrolet Tavera Neo 3 LS 10 Str,1994.0
Datsun GO Plus D1,1198.0
Hyundai EON D Lite Plus,814.0
Honda City 2017-2020 GXi,1497.0
Tata Tigor 1.2 Revotron XT,1199.0
Honda Amaze VX Diesel BSIV,1498.0
Hyundai i20 Asta 1.2,1197.0
Mahindra Bolero VLX CRDe,2523.0
Maruti Alto Std,796.0
Maruti Omni 8 Seater BSII,796.0
Honda Amaze E i-Dtech,1498.0
Maruti Baleno Alpha 1.2,1197.0
Mahindra XUV500 W10 1.99 mHawk,1997.0
Maruti Swift ZXI,1197.0
Hyundai Santro Xing XS,1086.0
Mahindra Verito Vibe 1.5 dCi D4,1461.0
Maruti Wagon R Stingray VXI,998.0
Tata Sumo GX,2179.0
Maruti Ritz ZXi,1197.0
Tata Indica Vista Terra 1.4 TDI,1405.0
Ford Fiesta 1.4 ZXi Duratec,1388.0
Tata Indica Vista Aqua 1.3 Quadrajet BSIV,1248.0
Mahindra Scorpio SLE BSIV,2179.0
Hyundai EON 1.0 Kappa Magna Plus,998.0
Tata Indigo GLX,1396.0
Chevrolet Sail Hatchback Petrol,1199.0
Hyundai Verna 1.6 VGT CRDi,1582.0
Tata Tigor 1.05 Revotorq XZ,1047.0
Maruti Alto 800 CNG LXI,796.0
Hyundai EON Era,814.0
Maruti Wagon R Duo Lxi,998.0
Toyota Corolla Altis D-4D J,1364.0
Hyundai i20 2015-2017 Sportz 1.2,1197.0
Tata Manza Aqua Quadrajet BS IV,1248.0
Mahindra Xylo H4,2179.0
Ford Fiesta Classic 1.4 Duratorq CLXI,1399.0
Renault Triber RXT BSIV,999.0
Mahindra Scorpio Getaway,2179.0
Mahindra Bolero DI Non AC BSIII,2523.0
Tata Indigo CS LX (TDI) BS III,1396.0
Hyundai Accent GLX,1495.0
Ford Fusion 1.4 TDCi Diesel,1399.0
Skoda Octavia Ambition 2.0 TDI MT,1968.0
Hyundai i20 Magna 1.4 CRDi,1396.0
Hyundai Elite i20 Petrol Asta Option,1197.0
Toyota Innova 2.5 G4 Diesel 7-seater,2494.0
Audi A4 2.0 TDI,1968.0
Toyota Etios GD,1364.0
Tata Zest Quadrajet 1.3 75PS XE,1248.0
Tata Indica Vista Quadrajet VX,1248.0
Maruti Eeco Smiles 7 Seater Standard,1196.0
Datsun GO Plus Anniversary Edition,1198.0
Hyundai i20 1.4 CRDi Magna,1396.0
Maruti Alto 800 VXI Plus,796.0
Renault KWID RXT Optional,799.0
Maruti XL6 Alpha,1462.0
Hyundai i20 Active SX Diesel,1396.0
Mahindra TUV 300 Plus P4 BSIV,2179.0
Tata Tigor 1.05 Revotorq XZ Option,1047.0
Honda City i DTEC VX Option,1498.0
Hyundai Santro Magna BSIV,1086.0
Maruti Alto K10 Knightracer,998.0
Tata Indica V2 2001-2011 eLX,1396.0
Hyundai Verna CRDi SX ABS,1493.0
Tata New Safari 3L Dicor LX 4x2,2956.0
Hyundai Creta 1.4 EX Diesel,1396.0
Tata Indica Vista Aura 1.3 Quadrajet (ABS) BS IV,1248.0
Maruti Zen D,1527.0
Renault Triber RXZ BSIV,999.0
Maruti Zen Estilo 1.1 LXI BSIII,1061.0
Toyota Innova 2.5 VX 8 STR,2494.0
Toyota Innova Crysta 2.8 GX AT BSIV,2755.0
Mahindra Scorpio 2009-2014 EX 2WD 7S,2523.0
Hyundai Elantra CRDi SX,1582.0
Chevrolet Sail Hatchback LS ABS,1248.0
Hyundai i20 Asta Option 1.4 CRDi,1396.0
Volkswagen Polo Diesel Trendline 1.2L,1199.0
Hyundai Santa Fe 4WD AT,2199.0
Mahindra Thar DI 4X4,2523.0
Chevrolet Spark 1.0 LT,995.0
Mahindra Scorpio S4 Plus 4WD,2179.0
Tata Indigo LS BSII,1405.0
Mahindra Scorpio EX,2523.0
Tata Indica V2 DLS TC,1405.0
Tata Safari DICOR 2.2 EX 4x2,2179.0
Mahindra Bolero 2011-2019 EX NON AC,2523.0
Hyundai Verna Transform SX VGT CRDi,1493.0
Hyundai Verna Xi (Petrol),1599.0
Toyota Innova 2.5 EV (Diesel) PS 8 Seater BS IV,2494.0
Tata Tigor 2017-2020 XZ Plus Diesel,1047.0
Toyota Innova 2.5 Z Diesel 7 Seater BS IV,2494.0
Ford Aspire Titanium Diesel BSIV,1498.0
Ford Ecosport 1.5 DV5 MT Titanium,1498.0
Ford Figo Titanium Diesel BSIV,1498.0
Honda City 1.5 E MT,1497.0
Ford Fiesta EXi 1.4 TDCi Ltd,1399.0
Tata Indica V2 DLG TC,1405.0
Chevrolet Optra Magnum 2.0 LS,1991.0
Tata Sumo MKII GX BS IV,2179.0
Toyota Innova Crysta 2.5 VX BS IV,2494.0
Honda Mobilio S i DTEC,1498.0
Mahindra KUV 100 G80 K8,1198.0
Toyota Innova 2.5 E Diesel MS 7-seater,2494.0
Maruti Swift Dzire AMT VXI,1197.0
Honda BRV i-VTEC V CVT,1497.0
Ford Figo Aspire 1.5 TDCi Titanium,1498.0
Hyundai Creta 1.6 CRDi SX Option,1582.0
Honda Jazz V CVT,1199.0
BMW X6 xDrive30d,2993.0
Maruti Swift Dzire ZXI Plus,1197.0
Honda Jazz 1.2 V i VTEC,1199.0
Maruti Ignis 1.3 AMT Zeta,1248.0
Chevrolet Cruze LTZ AT,1991.0
Toyota Corolla Altis 1.8 G,1798.0
Mercedes-Benz GLA Class 200 CDI SPORT,2143.0
Toyota Innova Crysta 2.8 GX AT 8S BSIV,2755.0
Kia Seltos HTX Plus AT D,1493.0
Maruti Ciaz RS ZDi Plus SHVS,1248.0
Skoda Rapid 1.5 TDI AT Style Plus,1498.0
Maruti Swift ZXI 2018,1197.0
BMW 6 Series GT 630d Luxury Line,2993.0
Honda Jazz 1.2 SV i VTEC,1199.0
Toyota Fortuner 2.8 2WD AT BSIV,2755.0
Hyundai Elite i20 Asta Option CVT BSIV,1197.0
Tata Indigo CS eLX BS IV,1396.0
Maruti Celerio ZXI AT,998.0
Hyundai Grand i10 1.2 CRDi Sportz Option,1186.0
Chevrolet Tavera Neo LS B3 - 7(C) seats BSIII,2499.0
Hyundai Xcent 1.2 CRDi S,1186.0
Chevrolet Sail LT ABS,1248.0
Mahindra Verito 1.5 D6 BSIV,1461.0
Mahindra Scorpio VLX 2WD AIRBAG BSIV,2179.0
Hyundai Elite i20 Petrol Sportz,1197.0
Tata Indica V2 DLS,1396.0
Chevrolet Tavera Neo 3 9 Str BSIII,2499.0
Mahindra Verito 1.5 D4 BSIV,1461.0
Chevrolet Spark 1.0 E,995.0
Mahindra Scorpio 2.6 SLX Turbo 7 Seater,2179.0
Mahindra Bolero 2011-2019 DI NON AC BS III White,2523.0
Toyota Innova 2.5 VX (Diesel) 8 Seater BS IV,2494.0
Mahindra Bolero DI,2523.0
Mahindra NuvoSport N8 AMT,1493.0
Maruti Swift VVT ZXI,1197.0
Mahindra Xylo E4 8S,2498.0
Tata Tiago 1.2 Revotron XZ WO Alloy,1199.0
Renault Scala Diesel RxZ,1461.0
Maruti SX4 Vxi BSIII,1586.0
Maruti Ertiga VXI Limited Edition,1373.0
Renault KWID Climber 1.0 MT,999.0
Tata Nano CX,624.0
Maruti Ciaz ZDi Plus,1248.0
Maruti Wagon R VXI Minor,1061.0
Maruti Eeco CNG 5 Seater AC BSIV,1196.0
Mahindra Verito 1.4 G4 BSIV,1390.0
Chevrolet Optra 1.6 LT Royale,1599.0
Maruti Ciaz Alpha Diesel,1248.0
Chevrolet Sail 1.2 LT ABS,1199.0
Maruti Omni MPI STD BSIV,796.0
Mahindra Xylo D4 BSIII,2498.0
Hyundai Elite i20 Sportz Plus CVT BSIV,1197.0
Hyundai i20 Active 1.4,1396.0
Tata Manza Aura Plus Safire,1368.0
Honda BR-V i-VTEC E MT,1497.0
Maruti Vitara Brezza ZDi Plus AMT Dual Tone,1248.0
Maruti 800 Std BSII,796.0
Maruti Wagon R VXi BSII,998.0
Hyundai i20 Era Diesel,1396.0
Toyota Innova 2.5 GX 8 STR,2494.0
Hyundai Getz GLE,1341.0
Maruti Ciaz VDi Plus SHVS,1248.0
Maruti Swift Glam,1298.0
Tata Nano Cx BSIV,624.0
Renault Lodgy World Edition 110PS,1461.0
Maruti Wagon R VXI 1.2,1197.0
Honda BRV i-DTEC V MT,1498.0
Tata Indigo CR4,1396.0
Maruti Ritz VXI,1197.0
Maruti S-Cross 2017-2020 Alpha DDiS 200 SH,1248.0
Ford Fiesta 1.4 Duratec EXI,1388.0
Hyundai i20 Active S Diesel,1396.0
Mahindra Scorpio LX 2.6 Turbo,2609.0
Renault Pulse RxZ,1461.0
Hyundai Xcent 1.2 CRDi SX,1186.0
Fiat Grande Punto 1.3 Emotion Pack 90HP (Diesel),1248.0
Hyundai Santa Fe 2WD AT,2199.0
Chevrolet Optra Magnum 1.6 LT Petrol,1598.0
Honda Accord 2.4 AT,2354.0
Maruti Swift AMT VXI,1197.0
Tata Safari Storme VX,2179.0
Honda City 1.5 V Elegance,1497.0
Chevrolet Sail 1.3 LS,1248.0
Maruti Swift ZDi,1248.0
Honda Civic 1.8 V MT,1799.0
Maruti Wagon R AX,998.0
Hyundai Verna 1.4 VTVT,1396.0
Nissan Terrano XE 85 PS,1461.0
Mahindra Supro LX 8 Str,909.0
Maruti Omni MPI CARGO BSIV,796.0
Hyundai Grand i10 CRDi Magna,1120.0
Maruti Celerio VDi,793.0
Mahindra Marazzo M6,1497.0
Ford Ecosport 1.0 Ecoboost Titanium Optional,999.0
Volkswagen Vento Diesel Comfortline,1598.0
Maruti Swift LDI Optional,1248.0
Hyundai i20 1.2 Magna Executive,1197.0
Toyota Innova Crysta 2.4 VX MT BSIV,2393.0
Mahindra Ssangyong Rexton RX7,2696.0
Honda City 1.5 V MT Sunroof,1497.0
Maruti S-Cross 2017-2020 Sigma DDiS 200 SH,1248.0
Mahindra Scorpio S4 Plus,2179.0
Tata Tiago XT,1199.0
Mahindra TUV 300 T4 Plus,1493.0
Honda City 1.5 V MT,1497.0
Mahindra Scorpio S4 7 Seater,2179.0
Honda City i-VTEC S,1497.0
Maruti 800 DX 5 Speed,796.0
Hyundai Santro Magna,1086.0
Honda City i DTec V,1498.0
Mahindra Bolero DI AC BSIII,2523.0
Skoda Rapid 1.6 MPI Ambition Plus,1598.0
Nissan Terrano XL D Option,1461.0
Hyundai Elite i20 Petrol Asta,1197.0
Toyota Innova Crysta 2.4 G MT 8 STR,2393.0
Honda Jazz 1.2 S i VTEC,1199.0
Toyota Etios Liva 1.4 GD,1364.0
Mahindra Bolero B2,1498.0
Maruti Ignis 1.2 AMT Alpha BSIV,1197.0
Maruti Vitara Brezza ZDi Plus,1248.0
Nissan Sunny XV,1498.0
Tata Indica Vista Aqua 1.3 Quadrajet,1248.0
Fiat Linea Emotion (Diesel),1248.0
Jeep Compass 2.0 Limited 4X4,1956.0
Audi Q5 2.0 TDI,1968.0
Toyota Innova 2.5 G4 Diesel 8-seater,2494.0
Volkswagen Polo Diesel Comfortline 1.2L,1199.0
Tata Nano XTA,624.0
Ford Figo Aspire 1.5 TDCi Trend,1498.0
Hyundai Sonata CRDi M/T,1991.0
Hyundai Elite i20 Asta Option Diesel,1396.0
Honda Civic 1.8 S MT,1799.0
Honda Jazz 1.5 V i DTEC,1498.0
BMW X1 sDrive20d M Sport,1998.0
Maruti S-Cross 2017-2020 Delta DDiS 200 SH,1248.0
Maruti Ignis 1.2 Delta BSIV,1197.0
Maruti Swift ZDI Plus,1248.0
Mahindra Bolero B4,1498.0
Ford Ecosport Sports Diesel,1498.0
Honda Amaze E Diesel BSIV,1498.0
Maruti Swift Dzire Tour LDI,1248.0
Tata Manza Aura Safire,1368.0
Mahindra Quanto C4,1493.0
Mahindra XUV500 W7,2179.0
Mahindra Scorpio 1.99 S4,1997.0
Maruti Zen Estilo 1.1 VXI BSIII,1061.0
Maruti 800 DX,796.0
Mahindra Scorpio 2.6 CRDe,2179.0
Tata Nexon 1.5 Revotorq XZ Plus,1497.0
Hyundai Elantra CRDi,1991.0
Tata Tiago 1.2 Revotron XZA,1199.0
Maruti Zen VXi - BS III,993.0
Fiat Linea Classic Plus 1.3 Multijet,1248.0
Honda Amaze S i-Dtech,1498.0
Hyundai i20 Sportz AT 1.4,1396.0
Mahindra Bolero 2011-2019 SLX 2WD BSIII,2523.0
Mahindra XUV500 W8 4WD,2179.0
Maruti Swift Dzire LDI Optional,1248.0
Honda BR-V i-DTEC S MT,1498.0
Maruti Swift DDiS LDI,1248.0
Hyundai Xcent 1.1 CRDi S,1120.0
Maruti Alto 800 LX,796.0
Ford Endeavour 3.2 Titanium AT 4X4,3198.0
Honda Amaze V Petrol BSIV,1199.0
Renault Duster 85PS Diesel RxE,1461.0
Honda Jazz 1.2 V AT i VTEC,1199.0
Mahindra Renault Logan 1.4 GLX Petrol,1390.0
Maruti Ciaz VXi Plus,1373.0
Hyundai Grand i10 1.2 Kappa Era,1197.0
Hyundai Creta 1.6 CRDi AT S Plus,1582.0
Maruti Swift AMT ZXI Plus BSIV,1197.0
Maruti Ritz VXi,1197.0
Mahindra TUV 300 T4,1493.0
Ford EcoSport 1.5 Ti VCT MT Trend BSIV,1499.0
Maruti Baleno Delta,1197.0
Datsun RediGO A,799.0
Mahindra Xylo D2 BSIV,2489.0
Tata Nexon 1.2 Revotron XM,1198.0
Toyota Yaris V BSIV,1496.0
Hyundai Grand i10 Nios Sportz,1197.0
Maruti Baleno Alpha,1197.0
Skoda Rapid 1.6 MPI AT Style Plus,1598.0
Nissan Kicks XV BSIV,1498.0
Honda City i VTEC V,1497.0
Ford Ecosport 1.5 Ti VCT AT Titanium,1499.0
Honda City i VTEC CVT VX,1497.0
Maruti SX4 VDI,1248.0
Hyundai Grand i10 1.2 Kappa Asta,1197.0
Nissan Micra XL,1198.0
Mahindra Bolero 2011-2019 ZLX BSIII,2523.0
Tata Indigo eCS LS TDI BSIII,1396.0
Hyundai Xcent 1.2 VTVT S AT,1197.0
Tata Nexon 1.5 Revotorq XM,1497.0
Hyundai Xcent 1.2 Kappa SX,1197.0
Mahindra Scorpio LX BSIV,2179.0
Tata New Safari DICOR 2.2 EX 4x4,2179.0
Mahindra Scorpio VLX 2WD BSIV,2179.0
Maruti Ertiga ZXI Plus Petrol,1462.0
Hyundai EON D Lite Plus Option,814.0
Tata Indica Vista Quadrajet LS,1248.0
Hyundai i20 Asta Optional With Sunroof 1.2,1197.0
Nissan Micra XV,1198.0
Mahindra NuvoSport N8,1493.0
Renault Duster Adventure Edition,1461.0
Maruti SX4 ZXI AT,1586.0
Mahindra Scorpio S11 BSIV,2179.0
Honda Civic Hybrid,1339.0
Mahindra Xylo D4,2489.0
Mahindra Scorpio VLX 4WD AIRBAG AT BSIV,2179.0
Hyundai Grand i10 CRDi Asta Option,1120.0
Maruti Swift Dzire LXI,1197.0
Hyundai Xcent 1.2 Kappa AT S Option,1197.0
Tata Tiago 1.05 Revotorq XE,1047.0
Hyundai Grand i10 Nios AMT Sportz,1197.0
Hyundai i10 Sportz Option,1197.0
Honda Accord 2.4 M/T,2354.0
Hyundai i20 2015-2017 Asta Option 1.2,1197.0
Maruti Wagon R LXI DUO BSIII,1061.0
Mahindra Renault Logan 1.5 Diesel DLSX,1461.0
Volkswagen Vento 1.6 Highline,1598.0
Mahindra Renault Logan 1.5 DLX Diesel,1461.0
Chevrolet Optra Magnum 2.0 LT,1991.0
Maruti Swift Dzire AMT ZDI,1248.0
Volkswagen Jetta 2.0L TDI Highline AT,1968.0
Volkswagen Vento 1.5 TDI Highline AT,1498.0
Mercedes-Benz M-Class ML 350 4Matic,2987.0
Maruti Swift DDiS VDI,1248.0
Fiat Linea 1.3 Multijet Emotion,1248.0
Volkswagen Polo 2015-2019 1.0 MPI Highline Plus,999.0
Hyundai i20 2015-2017 Magna 1.2,1197.0
Nissan Terrano XV D Premium AMT,1461.0
Mahindra Marazzo M8,1497.0
Ford EcoSport 1.5 TDCi Platinum Edition BSIV,1498.0
Maruti Swift Dzire ZXI,1197.0
Hyundai Verna CRDi,1493.0
Maruti Ignis 1.2 AMT Delta BSIV,1197.0
Hyundai i20 Active 1.4 SX,1396.0
Maruti Swift LXI,1197.0
Honda Mobilio V i VTEC,1497.0
Nissan Terrano XV 110 PS,1461.0
Chevrolet Cruze LTZ,1998.0
Honda City 1.5 V AT,1497.0
Toyota Etios Liva 1.2 V Dual Tone,1197.0
Honda Amaze E i-DTEC,1498.0
Maruti Ertiga SHVS LDI Option,1248.0
Hyundai i20 Active S Petrol,1197.0
Mahindra Scorpio VLS 2.2 mHawk,2179.0
Tata Nexon 1.5 Revotorq XE,1497.0
Mahindra KUV 100 mFALCON D75 K6 Plus,1198.0
Toyota Fortuner 2.8 4WD AT BSIV,2755.0
Honda WR-V i-VTEC VX,1199.0
Mitsubishi Pajero 2.8 SFX BSIII Single Tone,2835.0
Hyundai i20 1.4 CRDi Sportz,1396.0
Tata New Safari DICOR 2.2 VX 4x2 BS IV,2179.0
Ford Figo 1.5D Trend MT,1498.0
Hyundai Xcent 1.2 VTVT E,1197.0
Chevrolet Cruze LTZ,1991.0
Ford Aspire Titanium BSIV,1194.0
Tata Indigo LX,1405.0
Ford Figo Aspire 1.5 TDCi Ambiente,1498.0
Chevrolet Spark 1.0 LS,995.0
Volkswagen Polo Petrol Comfortline 1.2L,1198.0
Ford Classic 1.4 Duratorq Titanium,1399.0
Maruti Ciaz AT ZXi,1373.0
Renault Duster 4x4,1461.0
Hyundai Verna Transform VTVT,1599.0
Mahindra Scorpio 1.99 S6 Plus,1997.0
Maruti Swift Dzire LXI 1.2 BS IV,1197.0
Hyundai Verna 1.6 VTVT SX,1591.0
Chevrolet Optra Magnum 2.0 LS BSIII,1991.0
Datsun GO Plus A,1198.0
Skoda Rapid 1.5 TDI AT Ambition Plus,1498.0
Chevrolet Enjoy TCDi LS 8 Seater,1248.0
Chevrolet Beat Diesel LT Option,936.0
Tata New Safari 4X2,2092.0
Mercedes-Benz E-Class E270 CDI,2987.0
Mahindra Bolero 2011-2019 DI NON AC BS III SILVER,2523.0
Renault KWID 1.0 RXT 02 Anniversary Edition,999.0
Toyota Fortuner 2.8 4WD MT BSIV,2755.0
Tata Indica V2 DLE BSIII,1396.0
Mahindra Quanto C2,1493.0
Tata Indigo V BSIII,1405.0
Mahindra Bolero 2011-2019 SLE BSIII,2523.0
Ford Endeavour 3.0L 4X4 AT,2953.0
Volkswagen Jetta 1.6 Trendline,1595.0
Ford Figo 1.5P Titanium AT,1499.0
Tata Manza ELAN Quadrajet BS III,1248.0
Tata Manza Aura (ABS) Quadrajet BS IV,1248.0
Mahindra Scorpio VLX 2WD BSIII,2179.0
Tata Indigo CS eLS BS IV,1396.0
Tata Indigo eCS LX BSIV,1396.0
Hyundai Creta 1.4 CRDi S,1396.0
Maruti 800 Std MPFi,796.0
Nissan Teana XL,2496.0
Ford Ecosport 1.5 Petrol Ambiente,1496.0
Ford EcoSport 1.5 Petrol Titanium BSIV,1497.0
Hyundai i20 2015-2017 Asta Option 1.4 CRDi,1396.0
Maruti Swift Ldi BSIV,1248.0
Skoda Yeti Ambition 4WD,1968.0
Maruti Ciaz S 1.3,1248.0
Maruti Baleno Delta 1.3,1248.0
Renault Duster 85PS Diesel RxL Optional,1461.0
Hyundai Accent VIVA CRDi,1493.0
Hyundai Accent CRDi,1493.0
Mahindra Scorpio VLX 2WD ABS AT BSIII,2179.0
Ford Fiesta Classic 1.6 Duratec LXI,1596.0
Hyundai Santro Xing GLS LPG,1086.0
Tata Safari Storme LX,2179.0
Mahindra Bolero Power Plus Plus AC BSIV PS,2523.0
Mahindra Xylo D2 BS III,2489.0
Tata New Safari Dicor VX 4X2 BS IV,2179.0
Mahindra XUV500 W8 AWD,2179.0
Tata Indigo CS LE (TDI) BS-III,1396.0
Nissan Sunny Diesel XL,1461.0
Mahindra Scorpio Intelli Hybrid S6 Plus,2179.0
Hyundai EON 1.0 Era Plus,998.0
Maruti Wagon R LX BSIII,1061.0
Datsun RediGO T,799.0
Hyundai Verna 1.4 CRDi,1396.0
Ford Figo 1.5D Base MT,1498.0
Tata Sumo MKII Turbo 2.0 LX,1948.0
Mahindra TUV 300 mHAWK100 T8,1493.0
Toyota Corolla Altis JS MT,1798.0
Jaguar XF 2.2 Litre Luxury,2179.0
Volkswagen Ameo 1.5 TDI Comfortline AT,1498.0
Honda City 1.5 GXI,1493.0
Honda City Corporate Edition,1497.0
Hyundai Grand i10 1.2 Kappa Sportz AT,1197.0
Maruti Celerio ZXI Optional,998.0
Audi Q3 2.0 TDI Quattro Premium Plus,1968.0
Honda Civic ZX Diesel BSIV,1597.0
Hyundai Santro Asta BSIV,1086.0
Force Gurkha Hard Top BS3 4WD,2596.0
Maruti Vitara Brezza ZDi,1248.0
Ford Figo 1.5D Titanium MT,1498.0
Mahindra Thar CRDe ABS,2498.0
MG Hector Sharp DCT Dualtone,1451.0
Mercedes-Benz New C-Class C 220 CDI Elegance MT,2148.0
Mahindra Marazzo M2 BSIV,1497.0
BMW 3 Series 320d,1995.0
Skoda Octavia Style Plus 2.0 TDI AT,1968.0
Volkswagen Polo 1.2 MPI Comfortline,1199.0
Mahindra Logan Diesel 1.5 DLE,1461.0
Honda City i DTEC E,1498.0
Honda Jazz Select Edition Active,1198.0
Volkswagen Polo GT TDI,1598.0
Maruti 800 AC BSII,796.0
Toyota Corolla Altis 1.4 DGL,1364.0
Mahindra Xylo E8,2498.0
Hyundai i20 Active 1.2 S,1197.0
Ford Endeavour 2.5L 4X2 MT,2499.0
Tata Indigo GLS,1396.0
Ford Figo Aspire 1.2 Ti-VCT Titanium Plus,1196.0
Maruti Ertiga 1.5 VDI,1498.0
Tata Indica V2 eLS,1396.0
Maruti Celerio ZDi,793.0
Mahindra Xylo E4,2498.0
Nissan Micra Diesel XV Premium,1461.0
Maruti Ciaz VDi Plus,1248.0
Hyundai Grand i10 1.2 Kappa Sportz Dual Tone,1197.0
Chevrolet Tavera Neo 3 LS 9 Str BSIII,2499.0
Maruti Zen Base,993.0
Mahindra TUV 300 mHAWK100 T8 Dual Tone,1493.0
BMW 3 Series 320d Luxury Plus,1995.0
Nissan Terrano XL 110 PS,1461.0
Hyundai EON Era Plus Sports Edition,814.0
Mahindra Scorpio 2.6 Turbo 9 Str,2609.0
Tata Sumo EX 10/7 Str BSIII,1948.0
Tata Hexa XM,2179.0
Chevrolet Optra Magnum 2.0 LT BS3,1991.0
Tata Manza Aura Quadrajet BS IV,1248.0
Fiat Grande Punto EVO 1.3 Dynamic,1248.0
Mahindra Bolero XL 10 Seater Non AC,2523.0
Mahindra XUV500 W9 2WD,2179.0
Audi A3 35 TDI Premium Plus,1968.0
Mahindra Scorpio VLS AT 2.2 mHAWK,2179.0
Toyota Innova 2.5 VX 7 STR,2494.0
Honda City 1.5 V Inspire,1497.0
Maruti Ciaz Delta BSIV,1462.0
Audi Q5 3.0 TDI Quattro,2967.0
Audi Q7 3.0 TDI Quattro,2967.0
Mahindra Scorpio S3 9 Seater BSIV,2523.0
Audi Q7 3.0 TDI Quattro Premium Plus,2967.0
Land Rover Freelander 2 TD4 HSE,2179.0
Volkswagen Polo 2015-2019 1.0 MPI Comfortline,999.0
Daewoo Matiz SS,796.0
Chevrolet Spark 1.0,995.0
Hyundai Xcent 1.1 CRDi SX,1120.0
Maruti Baleno Zeta 1.3,1248.0
Maruti Celerio X ZXI BSIV,998.0
Datsun GO Plus T,1198.0
Tata Zest Quadrajet 1.3 XM,1248.0
Maruti Swift VXI 2018,1197.0
Mahindra Xylo E8 ABS Airbag,2498.0
Tata New Safari DICOR 2.2 LX 4x2,2179.0
Mahindra Bolero Power Plus SLX,1493.0
Honda City E,1497.0
Chevrolet Aveo 1.4 LS,1399.0
Hyundai i20 Sportz Option 1.4 CRDi,1396.0
Ford EcoSport 1.5 Petrol Ambiente BSIV,1497.0
Fiat Grande Punto Active (Diesel),1248.0
Hyundai Xcent 1.2 Kappa SX Option,1197.0
Tata Aria Pure LX 4x2,2179.0
Tata Tigor 1.05 Revotorq XM,1047.0
Maruti Ciaz 1.4 Alpha,1373.0
Hyundai Grand i10 1.2 Kappa Sportz Option,1197.0
Hyundai Xcent 1.2 Kappa AT SX Option,1197.0
Ford EcoSport 1.5 Petrol Trend BSIV,1497.0
Mahindra XUV300 W6 Diesel BSIV,1497.0
Maruti Wagon R VXI Plus Optional,998.0
Hyundai i20 1.4 Magna AT,1368.0
Maruti Dzire VXI,1197.0
Volkswagen Vento IPL II Diesel Trendline,1598.0
Hyundai Creta 1.6 SX Automatic,1591.0
Skoda Rapid 1.6 MPI Ambition BSIV,1598.0
Tata New Safari DICOR 2.2 VX 4x4,2179.0
Tata Indica Vista TDI LX,1405.0
Ford Ikon 1.3 CLXi,1299.0
Maruti Ritz VXi (ABS) BS IV,1197.0
Tata Indigo eCS GLS,1193.0
Hyundai Grand i10 Sportz Celebration Edition,1197.0
Volkswagen Polo 2015-2019 1.2 MPI Highline Plus,1199.0
Ford Ikon 1.4 TDCi DuraTorq,1399.0
Maruti Wagon R LX,998.0
Mahindra Bolero SLE BSIII,2523.0
Maruti SX4 ZXI AT Leather,1586.0
Hyundai i20 Sportz Option 1.2,1197.0
Hyundai Accent Executive,1495.0
Maruti SX4 Zxi BSIII,1586.0
Mahindra Bolero 2011-2019 mHAWK D70 ZLX,1493.0
Maruti Ignis 1.2 Zeta BSIV,1197.0
Honda Jazz VX CVT,1199.0
Volkswagen Vento 1.5 TDI Highline,1498.0
Honda Jazz 1.5 VX i DTEC,1498.0
Ford Figo Petrol Titanium,1196.0
Maruti Wagon R CNG LXI,998.0
Maruti Zen LXi - BS III,993.0
Maruti SX4 Zxi with Leather BSIII,1586.0
Tata Indica V2 eLX,1396.0
Maruti Ertiga VXI Petrol,1462.0
Maruti Celerio X ZXI,998.0
Maruti Omni 5 Str STD,796.0
Chevrolet Tavera Neo 3 10 Seats BSIII,2499.0
Hyundai Creta 1.4 E Plus,1396.0
Maruti Swift ZXI Plus,1197.0
Ford Freestyle Titanium Diesel BSIV,1498.0
Hyundai Verna 1.4 CX,1396.0
Maruti Wagon R PRIMEA,998.0
Hyundai Santro Xing (Non-AC),1086.0
Ford Ecosport 1.5 DV5 MT Trend,1498.0
Ford EcoSport 1.5 TDCi Titanium BE BSIV,1498.0
Nissan Kicks XL BSIV,1498.0
Ford Figo Diesel EXI Option,1399.0
Ford Freestyle Trend Diesel,1499.0
Renault Duster 85PS Diesel RxE Adventure,1461.0
Tata Tigor 1.2 Revotron XZ Option,1199.0
Mahindra Quanto C6,1493.0
Toyota Etios Cross 1.2L G,1197.0
Mahindra Scorpio S7 120,2179.0
Hyundai Santa Fe 4X4,2199.0
Ford Aspire Trend Diesel BSIV,1498.0
Honda Brio V MT,1198.0
Hyundai Creta 1.6 VTVT E Plus,1591.0
Honda City i DTEC SV,1498.0
Chevrolet Sail Hatchback Petrol LS ABS,1199.0
Maruti Baleno LXI,1590.0
Chevrolet Captiva 2.2 LTZ AWD,2231.0
Ford Figo Aspire 1.2 Ti-VCT Sports Edition,1196.0
Datsun RediGO 1.0 T Option,999.0
Ford Ikon 1.6 Nxt,1597.0
Tata Nano LX,624.0
Hyundai Verna 1.6 Xi ABS,1599.0
Tata Tiago 1.2 Revotron XM,1199.0
Ford Fiesta Diesel Style,1498.0
Mahindra Scorpio S2 9 Seater,2523.0
Ford Fusion Plus 1.4 TDCi Diesel,1399.0
Tata Nexon 1.2 Revotron XZA Plus,1198.0
Tata Safari Storme VX Varicor 400,2179.0
Tata Nano Lx BSIV,624.0
Maruti Omni E 8 Str STD,796.0
Tata Indica V2 eXeta GLS,1193.0
Maruti 800 Std BSIII,796.0
Mahindra XUV500 AT W6 2WD,2179.0
Ford Classic 1.6 Duratec Titanium,1596.0
Maruti Swift VXI with ABS,1197.0
Mahindra Bolero Power Plus SLE,1493.0
Toyota Innova 2.5 VX 8 STR BSIV,2494.0
Chevrolet Aveo U-VA 1.2,1150.0
Ford Endeavour 3.0L 4X2 AT,2953.0
Toyota Innova 2.5 GX (Diesel) 7 Seater,2494.0
Chevrolet Beat Diesel,936.0
Maruti Alto K10 VXI Optional,998.0
Toyota Etios Cross 1.4L GD,1364.0
Hyundai Santro Magna AMT BSIV,1086.0
Toyota Etios Diesel TRD Sportivo,1364.0
Fiat Grande Punto EVO 1.3 Active,1248.0
Renault Fluence 1.5,1461.0
Honda City VX CVT,1497.0
Toyota Corolla AE,1794.0
Hyundai Santro Sportz BSIV,1086.0
Mahindra Scorpio Intelli Hybrid S10,2179.0
Renault Duster 85PS Diesel RxL Plus,1461.0
Toyota Etios Liva VD,1364.0
Chevrolet Spark 1.0 PS,995.0
Maruti SX4 ZXI MT BSIV Leather,1586.0
Tata Xenon XT EX 4X4,2179.0
Mahindra Bolero Power Plus ZLX,1493.0
Maruti Swift Dzire VXI 1.2 BS IV,1197.0
Maruti Alto K10 VXI AGS,998.0
Hyundai Verna VTVT 1.6 AT SX Option,1591.0
Toyota Innova 2.5 G2,2494.0
Honda Civic 1.8 S AT,1799.0
Honda Amaze S i-Vtech,1198.0
Chevrolet Sail Hatchback LT ABS,1248.0
Volkswagen Polo 2015-2019 1.5 TDI Highline Plus,1498.0
Hyundai Santro Era,1086.0
Hyundai Verna 1.6 CRDi EX MT,1582.0
Hyundai Santro Xing GLS CNG,1086.0
Mahindra XUV500 W9 BSIV,2179.0
Fiat Grande Punto 1.4 Emotion,1368.0
Toyota Innova Crysta 2.7 GX AT 8 STR,2694.0
Maruti Swift Dzire VDI Optional,1248.0
Force One SX ABS 7 Seating,2200.0
Tata Indigo CS eVX,1396.0
Maruti SX4 Vxi BSIV,1586.0
Maruti SX4 ZDI Leather,1248.0
Honda Mobilio RS i DTEC,1498.0
Hyundai i20 Active 1.2 SX,1197.0
Maruti Alto 800 LXI Anniversary Edition,796.0
Maruti Alto 800 LXI Airbag,796.0
Mahindra Scorpio 2009-2014 SLE 7S BSIV,2179.0
Hyundai Grand i10 Asta Option,1197.0
Mercedes-Benz GLA Class 200 D Sport Edition,2143.0
Mercedes-Benz M-Class ML 350 CDI,2987.0
Ford Fiesta Classic 1.6 SXI Duratec,1596.0
BMW 3 Series 320d Highline,1995.0
Maruti Ertiga BSIV LXI,1373.0
Mahindra XUV500 AT W6 1.99 mHawk,1997.0
Hyundai i20 2015-2017 Sportz Option 1.2,1197.0
Maruti Alto 800 Base,796.0
Volkswagen Polo 2015-2019 1.0 MPI Trendline,999.0
Ford EcoSport 1.5 Ti VCT AT Titanium BSIV,1499.0
BMW 7 Series 730Ld,2993.0
Mahindra TUV 300 T8 AMT,1493.0
Maruti Zen Estilo LXI Green (CNG),998.0
Tata Zest Quadrajet 1.3 XMS,1248.0
Skoda Rapid 1.6 MPI Ambition,1598.0
Datsun GO Plus T Option BSIV,1198.0
Hyundai Xcent 1.2 CRDi SX Option,1186.0
Maruti Dzire LXI,1197.0
Maruti Vitara Brezza VDi AMT,1248.0
Tata Indica V2 Emax CNG GLX,1193.0
Maruti 800 EX,796.0
Hyundai Verna 1.6 VTVT S,1591.0
Mahindra Bolero 2011-2019 EX AC,2523.0
Tata Tiago 1.2 Revotron XT,1199.0
Mahindra Xylo H9,2179.0
Mahindra Xylo E8 ABS Airbag BSIV,2498.0
Honda Mobilio RS Option i DTEC,1498.0
Jeep Compass 2.0 Limited Option,1956.0
Renault Duster 85PS Diesel RxL Explore,1461.0
Tata Indica V2 LSi,1193.0
Honda Amaze S Option i-DTEC,1498.0
Mahindra Scorpio VLX 2WD AIRBAG BSIII,2179.0
Renault Duster Adventure Edition RXZ AWD,1461.0
Ford Figo Aspire 1.5 TDCi Titanium Opt,1498.0
Maruti Ertiga ZDI Plus,1248.0
Maruti Ciaz ZDi Plus SHVS,1248.0
Jaguar XF 3.0 Litre S Premium Luxury,2993.0
BMW X1 sDrive 20d Sportline,1995.0
Audi Q3 35 TDI Quattro Premium Plus,1968.0
Jeep Compass 1.4 Limited,1368.0
Volkswagen Vento 1.5 TDI Comfortline,1498.0
Maruti Celerio VXi AMT,998.0
Ford Endeavour 2.5L 4X2,2499.0
Volvo S60 D4 SUMMUM,1984.0
Hyundai Verna CRDi 1.6 SX Option,1582.0
Mahindra Scorpio Intelli Hybrid S10 4WD,2179.0
Tata Nano Twist XT,624.0
Hyundai Elantra GT,1795.0
Fiat Linea Classic 1.3 Multijet,1248.0
Mahindra Renault Logan 1.5 DLE Diesel,1461.0
Hyundai Elantra GLS,1795.0
Volvo V40 Cross Country D3,1984.0
Ford Ikon 1.6 EXi NXt,1597.0
Mahindra Logan Diesel 1.5 DLS,1461.0
Maruti Alto K10 LX,998.0
Nissan Sunny XV D,1461.0
Hyundai Verna CRDi 1.4 EX,1396.0
Mitsubishi Lancer 2.0 L Diesel LX,1998.0
Maruti Celerio X ZXI Option BSIV,998.0
Ford EcoSport 1.5 Ti VCT MT Titanium BSIV,1499.0
Mahindra XUV500 W11 Option BSIV,2179.0
Mahindra XUV500 AT W10 FWD,2179.0
Mercedes-Benz B Class B180 Sports,1595.0
BMW X7 xDrive 30d DPE,2993.0
Skoda Superb Elegance 1.8 TSI AT,1798.0
Tata Indica Vista Aqua TDI BSIII,1405.0
Mahindra Thar DI 4X4 PS,2523.0
Skoda Fabia 1.2 TDI Ambition Plus,1199.0
Skoda Rapid 1.6 MPI AT Ambition BSIV,1598.0
Ford Fiesta 1.6 ZXi ABS,1596.0
Renault KWID 1.0 RXL,999.0
Mahindra XUV500 W5 BSIV,2179.0
Ford Figo Petrol ZXI,1196.0
Honda Jazz 1.5 E i DTEC,1498.0
Mahindra Bolero Power Plus Plus Non AC BSIV PS,2523.0
Fiat Grande Punto 1.3 Dynamic (Diesel),1248.0
Hyundai i20 Asta,1197.0
Maruti Zen Estilo 1.1 LX BSIII,1061.0
Maruti Wagon R AX Minor,1061.0
Maruti Wagon R LX Minor,1061.0
Hyundai Verna 1.6 VTVT AT SX,1591.0
Datsun GO A EPS,1198.0
Hyundai i10 Sportz 1.1L LPG,1086.0
Maruti Vitara Brezza ZDi AMT,1248.0
Volkswagen Jetta 2.0 TDI Comfortline,1896.0
Tata New Safari Dicor GX 4X2 BS IV,2179.0
Honda Brio E MT,1198.0
Volkswagen Jetta 2.0L TDI Highline,1968.0
Ford Endeavour 4x2 XLT Limited Edition,2499.0
Maruti Celerio VXI AT,998.0
Mercedes-Benz New C-Class C 200 Kompressor Elegance AT,1796.0
Volkswagen Polo 1.2 MPI Highline,1198.0
Audi A4 35 TDI Premium Plus,1968.0
Hyundai Creta 1.6 SX Option,1591.0
Maruti Swift Dzire AMT ZDI Plus,1248.0
Maruti Wagon R VXI AMT 1.2,1197.0
Hyundai Verna CRDi ABS,1493.0
Nissan Micra Fashion Edition XL CVT,1198.0
Mahindra KUV 100 mFALCON G80 K4,1198.0
Toyota Platinum Etios 1.4 GXD,1364.0
Tata Indigo CS GLS BSIII,1193.0
Tata Zest Quadrajet 1.3 XT,1248.0
Tata Sumo EX,2956.0
Mahindra Scorpio 1.99 S10 4WD,1997.0
Hyundai Creta 1.6 CRDi Anniversary Edition,1582.0
Ford Ecosport 1.5 Diesel Titanium,1498.0
Maruti Swift LXi BSIV,1197.0
Honda City i VTEC VX Option BL,1497.0
Renault Captur 1.5 Diesel RXT,1461.0
Ford Fiesta Classic 1.4 SXI Duratorq,1399.0
Skoda Fabia 1.2 TDI Active Plus,1199.0
Tata Indica Vista Terra Quadrajet 1.3L,1248.0
Hyundai Santro Xing GL LPG,1086.0
Maruti Swift Dzire Vdi BSIV,1248.0
Volkswagen Ameo 1.5 TDI Trendline,1498.0
Maruti Swift AMT ZDI,1248.0
Honda CR-V 2.4L 4WD AT AVN,2354.0
Renault Duster 85PS Diesel RxZ,1461.0
Mercedes-Benz GL-Class 350 CDI Luxury,2987.0
Hyundai Creta 1.6 SX Automatic Diesel,1582.0
Maruti Zen Estilo Sports,1061.0
Hyundai i20 1.4 Sportz,1396.0
Maruti Baleno Sigma 1.2,1197.0
Skoda Fabia 1.4 TDI Ambiente,1422.0
Renault Fluence Diesel E4,1461.0
Honda Amaze S i-DTEC,1498.0
Maruti Gypsy King Soft Top MPI BSIV,1298.0
Chevrolet Tavera Neo 3 LS 10 Seats BSIII,2499.0
Mahindra Scorpio VLX 2WD AT BSIII,2179.0
Renault KWID Climber 1.0 AMT,999.0
Mahindra XUV300 W8 Option Dual Tone Diesel BSIV,1497.0
Mahindra XUV500 W7 BSIV,2179.0
Hyundai Grand i10 SportZ Edition,1197.0
Chevrolet Enjoy 1.3 TCDi LTZ 8,1248.0
Hyundai i20 Asta (o),1197.0
Maruti Baleno Delta Automatic,1197.0
Nissan Micra Active XV,1198.0
Maruti Zen Estilo LX BSIV,998.0
Mahindra Scorpio Gateway 2WD,2609.0
Maruti Wagon R AX BSIV,998.0
Honda City 2017-2020 VTEC,1497.0
Maruti Alto STD,796.0
Tata Nexon 1.2 Revotron XZ Plus,1198.0
Hyundai Xcent 1.1 CRDi Base,1120.0
Toyota Etios G Safety,1496.0
Hyundai Verna CRDi 1.6 AT SX Plus,1582.0
BMW 3 Series 320d Luxury Line Plus,1995.0
Renault Koleos 2.0 Diesel,1995.0
Renault Pulse RxZ Optional,1461.0
Hyundai Grand i10 Magna AT,1197.0
Volkswagen Polo GT TSI,1197.0
Toyota Innova Crysta 2.4 GX MT BSIV,2393.0
Hyundai i20 Era 1.4 CRDi,1396.0
Honda Jazz 1.2 S AT i VTEC,1199.0
Hyundai i20 Active 1.2 SX with AVN,1197.0
Ford Ikon 1.3 Flair,1299.0
Renault Lodgy 85PS RxE 7 Seater,1461.0
Ambassador CLASSIC 1500 DSL AC,1489.0
Tata Harrier XZ Dark Edition BSIV,1956.0
Ford Fiesta 1.5 TDCi Trend,1498.0
Maruti Alto K10 VXI AGS Optional,998.0
Tata Zest Quadrajet 1.3 75PS XMS,1248.0
Volkswagen Vento Diesel Breeze,1598.0
Mahindra Verito 1.5 D2 BSIV,1461.0
Tata Indigo TDI,1405.0
Tata Manza Club Class Quadrajet90 EX,1248.0
BMW 3 Series 320d Sedan,1995.0
Mercedes-Benz E-Class E 250 Elegance,2497.0
Maruti Omni LPG CARGO BSIII W IMMOBILISER,796.0
Hyundai i20 Active 1.4 SX Dual Tone,1396.0
Nissan Micra XE,1198.0
Hyundai Accent GLS,1495.0
Honda Amaze S AT i-Vtech,1198.0
Hyundai i20 Magna Optional 1.4 CRDi,1396.0
Maruti Ignis 1.2 AMT Zeta BSIV,1197.0
Mahindra Bolero Power Plus LX,1493.0
Honda Civic 1.8 (E) MT,1799.0
Fiat Punto 1.2 Active,1172.0
Fiat Avventura Power Up 1.3 Active,1248.0
Skoda Laura Ambiente,1896.0
Skoda Laura Ambiente 1.9 PD,1896.0
Ford Fiesta 1.4 ZXi TDCi ABS,1399.0
Hyundai Creta 1.6 SX,1591.0
Toyota Innova 2.5 EV PS 8 STR BSIV,2494.0
Renault Duster 85PS Diesel RxL Optional with Nav,1461.0
Toyota Innova 2.5 GX 8 STR BSIV,2494.0
Ford Freestyle Titanium Plus Diesel,1499.0
Ford Freestyle Titanium Diesel,1499.0
Mahindra KUV 100 G80 K4 Plus,1198.0
Hyundai Getz 1.1 GVS,1086.0
Maruti 800 EX BSII,796.0
Datsun GO T Option,1198.0
Hyundai i20 Active SX Petrol,1197.0
Hyundai Santa Fe 2WD MT,2199.0
Mahindra XUV500 W11 BSIV,2179.0
Ford Figo Aspire 1.5 TDCi Sports Edition,1498.0
Mahindra XUV500 W11 AT BSIV,2179.0
Maruti Swift Dzire Zdi BSIV,1248.0
Mahindra Verito 1.6 G6 Executive BSIII,1598.0
Mahindra Bolero SLX 2WD,2523.0
Renault KWID 1.0 RXT BSIV,999.0
Tata Indica GLS BS IV,1193.0
Hyundai i20 2015-2017 Sportz 1.4 CRDi,1396.0
Honda City i VTEC E,1497.0
Toyota Innova 2.5 E Diesel PS 7-Seater,2494.0
Chevrolet Enjoy Petrol LS 7 Seater,1399.0
Maruti SX4 S Cross 2015-2017 DDiS 200 Sigma,1248.0
Ford Classic 1.6 Duratec LXI,1596.0
Tata Nano XE,624.0
Mahindra Bolero PLUS AC,2523.0
Hyundai i10 Asta Sunroof AT,1197.0
Chevrolet Tavera B3 LT L1 10 Seats BSIII,2499.0
Toyota Camry V4 (MT),2362.0
Mahindra Bolero DI BSIII,2523.0
Hyundai i20 1.4 Asta Dual Tone,1396.0
Mahindra Scorpio S11 4WD BSIV,2179.0
Hyundai Elite i20 Diesel Sportz,1396.0
Ford Fiesta 1.4 Durasport EXI,1388.0
Maruti Swift ZDI BSIV,1248.0
Volkswagen Ameo 1.5 TDI Highline Plus,1498.0
Mahindra KUV 100 mFALCON D75 K2 Plus,1198.0
Hyundai Verna 1.6 CRDi SX,1582.0
Maruti Ritz LXi,1197.0
Honda Amaze VX O iDTEC,1498.0
Toyota Etios 1.5 V,1496.0
Maruti Baleno Zeta Diesel,1248.0
Skoda Rapid 1.5 TDI Style Plus Black Package,1498.0
Maruti Swift VVT VXI,1197.0
Ford Fiesta 1.4 Duratec EXI Limited Edition,1388.0
Maruti Baleno Sigma 1.3,1248.0
Mahindra Bolero 2011-2019 Special Edition,2523.0
Honda City i DTec SV,1498.0
Chevrolet Tavera LS B3 10 Seats BSII,2499.0
Ford Fiesta 1.4 Duratorq ZXI,1399.0
Mahindra Scorpio VLX 2WD AIRBAG AT BSIV,2179.0
Hyundai i10 Magna LPG,1086.0
Toyota Platinum Etios 1.4 GD,1364.0
Hyundai Sonata 2.4 GDi MT,2359.0
Maruti Swift Dzire LXi,1298.0
Mahindra Bolero 2011-2019 Plus Non AC BSIV PS,2523.0
Tata Tiago 1.05 Revotorq XZ WO Alloy,1047.0
Ford EcoSport S Diesel BSIV,1498.0
Maruti Wagon R LXI BSIII,1061.0
Maruti Wagon R LXI Minor,998.0
Hyundai i20 2015-2017 Sportz Option 1.4 CRDi,1396.0
Hyundai Verna CRDi 1.6 AT SX Option,1582.0
Datsun GO Plus T BSIV,1198.0
Hyundai EON Magna Optional,814.0
Fiat Punto Pure 1.2L FIRE,1172.0
Mahindra Scorpio 2009-2014 EX 9S BSIII,2523.0
Maruti A-Star Lxi,998.0
Volkswagen Polo Petrol Highline 1.2L,1198.0
Tata Nano Cx BSIII,624.0
Nissan Micra Diesel XL Optional,1461.0
Renault Pulse RxL,1461.0
Ford EcoSport 1.5 TDCi Trend Plus BSIV,1498.0
Toyota Fortuner 2.5 4x2 MT TRD Sportivo,2494.0
Fiat Avventura Power Up 1.3 Emotion,1248.0
Mahindra Scorpio SLE BS IV,2179.0
Ford EcoSport 1.5 Diesel Ambiente BSIV,1498.0
Tata Zest Revotron 1.2T XMS,1193.0
Fiat Avventura MULTIJET Emotion,1248.0
Hyundai Elite i20 Petrol Magna Exective,1197.0
Ashok Leyland Stile LE,1461.0
Hyundai Creta 1.6 CRDi SX Plus,1582.0
Toyota Innova Crysta 2.7 ZX AT BSIV,2694.0
Hyundai EON LPG Era Plus,814.0
Tata Indica Vista Aura Plus 1.3 Quadrajet BS IV,1248.0
Renault Pulse RxL Optional,1461.0
Maruti Wagon R VXI Minor,998.0
Hyundai Verna 1.6 CRDI AT SX Option,1582.0
Hyundai Verna 1.6 CRDi S Option,1582.0
Honda WR-V i-VTEC S,1199.0
Mahindra Scorpio SLX 4WD,2609.0
Maruti Wagon R AMT VXI Option,998.0
Tata Sumo SE Plus BSII,1948.0
Mahindra Scorpio SLX 4WD LE,2609.0
Skoda Fabia 1.2L Diesel Elegance,1199.0
Mahindra Xylo E4 BS III,2498.0
Tata Indica V2 GLX BSIII,1396.0
Tata New Safari DICOR 2.2 GX 4x2,2179.0
Mahindra Xylo E4 ABS BS IV,2498.0
Hyundai Creta 1.6 SX Option Executive,1591.0
Skoda Rapid 1.6 TDI Ambition,1598.0
Toyota Glanza G CVT,1197.0
Chevrolet Spark 1.0 LT Option Pack w/ Airbag,995.0
Tata Indigo Grand Dicor,1396.0
Hyundai Creta 1.6 Gamma SX Plus,1591.0
Tata Aria Prestige 4x2,2197.0
Mahindra Scorpio 2.6 DX,2609.0
Chevrolet Tavera B1-10 seats BSII,2499.0
Tata Sumo CX,2956.0
Toyota Corolla Altis 1.8 Sport,1794.0
Renault Duster 85PS Diesel RxS,1461.0
Mahindra Bolero 2011-2019 Camper,2523.0
Isuzu MUX 2WD,2999.0
Ford Aspire Trend Plus,1194.0
Honda City i-VTEC CVT ZX,1497.0
MG Hector Smart DCT,1451.0
Tata Sumo SE,2956.0
Mitsubishi Lancer 2.0 LXd,1998.0
Ford Fiesta 1.5 TDCi Titanium,1498.0
Tata Indica Vista Quadrajet 90 VX,1248.0
Tata Tigor 2017-2020 XZ Plus,1199.0
Maruti Zen LX - BS III,993.0
Honda City i VTEC CVT SV,1497.0
Mahindra KUV 100 G80 K8 Dual Tone,1198.0
Mercedes-Benz New C-Class C 200 Kompressor Elegance MT,1796.0
Toyota Corolla Altis 1.8 J,1798.0
Maruti Swift Dzire ZXi,1298.0
Audi A4 1.8 TFSI,1781.0
Hyundai i20 Active 1.2 SX Dual Tone,1197.0
Toyota Glanza G Smart Hybrid,1197.0
Maruti Swift Dzire AMT ZXI Plus,1197.0
Maruti Gypsy King ST BSIII,1298.0
Toyota Etios VD,1364.0
Opel Astra 1.6,1598.0
Skoda Octavia Classic 1.9 TDI MT,1896.0
Mercedes-Benz M-Class ML 250 CDI,2143.0
Tata Sumo Gold EX,2956.0
Mercedes-Benz GLA Class 200 CDI,2143.0
Maruti Swift VDI Windsong Limited edition,1248.0
Skoda Octavia Elegance 1.8 TSI AT,1798.0
Volkswagen Vento 1.5 TDI Highline BSIV,1498.0
Hyundai Tucson 2.0 e-VGT 2WD AT GLS,1995.0
Renault KWID AMT RXL,999.0
Maruti Wagon R VXI Opt 1.2,1197.0
Volkswagen Passat 2.0 TDI AT Highline,1968.0
Mercedes-Benz E-Class E 220 CDI Avantgarde,2148.0
Ford Figo Titanium Diesel,1499.0
Tata Nexon 1.5 Revotorq XZA Plus,1497.0
Jeep Compass 2.0 Limited Option 4X4,1956.0
Volkswagen Polo 1.0 TSI Highline Plus,999.0
Skoda Rapid 1.6 TDI Elegance,1598.0
Skoda Rapid 1.5 TDI Elegance Black Package,1498.0
Maruti Celerio X VXI Option BSIV,998.0
Chevrolet Sail Hatchback Diesel,1248.0
Mahindra Scorpio 2009-2014 EX 2WD 9S,2523.0
Tata Sumo GX 7 Str BSII,1948.0
Tata Indigo CS eGLS BS IV,1193.0
Datsun GO A Option Petrol,1198.0
Ford EcoSport 1.5 Diesel Trend Plus BSIV,1498.0
Hyundai i20 1.4 Asta,1396.0
Tata Manza Aqua Safire,1368.0
Renault Duster 85PS Diesel STD,1461.0
Tata Bolt Quadrajet XM,1248.0
Tata Zest Quadrajet 1.3 Anniversary Edition,1248.0
Hyundai Accent DLS,1493.0
Toyota Innova 2.5 ZX Diesel 7 Seater BSIII,2494.0
Maruti Esteem DI,1527.0
Renault Lodgy Stepway 110PS RXZ 7S,1461.0
Toyota Innova Crysta 2.4 GX MT 8S BSIV,2393.0
Maruti Swift VXi BSIV,1197.0
Honda Amaze E Option i-DTEC,1498.0
Honda City 1.5 S Inspire,1497.0
Maruti Ciaz VDI SHVS,1248.0
Honda City i-DTEC V,1498.0
Maruti Esteem Vxi - BSIII,1298.0
Tata Winger Deluxe - Flat Roof (Non-AC),1948.0
Honda WR-V i-DTEC S,1498.0
Toyota Innova Crysta 2.4 ZX MT BSIV,2393.0
Chevrolet Captiva 2.2 LT,2231.0
Honda Jazz 1.5 S i DTEC,1498.0
Maruti Ertiga LXI,1373.0
Skoda Fabia Scout 1.2 TDI,1199.0
Honda City i-VTEC VX,1497.0
Maruti Swift Dzire 1.2 Lxi BSIV,1197.0
Honda Amaze SX i-DTEC,1498.0
Maruti Ritz LXI,1197.0
Tata Manza Aura Plus Quadrajet BS IV,1248.0
Force One EX,2650.0
Tata Sumo Gold GX BSIII,2956.0
Honda CR-V 2.4L 4WD,2354.0
BMW 3 Series 320d GT Luxury Line,1995.0
Hyundai Grand i10 1.2 CRDi Magna,1186.0
Tata Harrier XZ Plus,1956.0
Jeep Compass 2.0 Limited Plus 4X4,1956.0
Toyota Fortuner 4x4 AT,2982.0
Honda CR-V 2.4L 4WD MT,2354.0
Tata Indica V2 DLE BSII,1396.0
Mahindra Scorpio SLX 2.6 Turbo 8 Str,2179.0
Ambassador Classic 2000 DSZ AC PS,1995.0
Skoda Octavia RS 1.8 Turbo Petrol MT,1781.0
Tata Indica Vista Safire GLX,1172.0
Renault Triber RXZ,999.0
Mahindra Verito Vibe 1.5 dCi D6,1461.0
Datsun GO T Petrol,1198.0
Tata Manza Club Class Quadrajet90 LS,1248.0
BMW 3 Series GT Luxury Line,1995.0
Toyota Innova Crysta 2.4 ZX MT,2393.0
Ford EcoSport 1.5 Ti VCT AT Titanium BE BSIV,1499.0
Tata Harrier XZ,1956.0
Maruti Ciaz Delta Automatic BSIV,1462.0
Maruti Swift Dzire ZXI Plus BS IV,1197.0
Audi Q5 45 TDI quattro Technology,2967.0
Mahindra Bolero 2011-2019 Plus Non AC,2523.0
Mahindra TUV 300 T6 Plus AMT,1493.0
Jaguar XF Diesel,2993.0
Volkswagen Ameo 1.2 MPI Highline Plus 16,1198.0
Tata Indica V2 DLX BSIII,1405.0
Hyundai i20 Era 1.2,1197.0
Mahindra KUV 100 mFALCON D75 K6,1198.0
Renault Lodgy Stepway 85PS RXZ 8S,1461.0
Mahindra KUV 100 mFALCON G80 K8 5str AW,1198.0
Hyundai Sonata 2.4L AT,2359.0
Toyota Innova Crysta 2.4 VX MT 8S BSIV,2393.0
Tata Indica Vista Aura 1.2 Safire (ABS) 90hp BS IV,1172.0
Honda Amaze S CVT i-VTEC,1199.0
Toyota Corolla Altis D-4D G,1364.0
Toyota Corolla H2,1794.0
Honda City 1.3 EXI,1343.0
Skoda Fabia 1.2 MPI Ambition,1198.0
Tata Venture LX 7 Str,1405.0
BMW 5 Series 525d,1995.0
Skoda Rapid 1.6 TDI Ambition Plus,1598.0
Skoda Fabia 1.2 MPI Ambition Plus,1198.0
BMW 5 Series 520d,1995.0
Skoda Rapid 1.6 MPI Active BSIV,1598.0
Maruti Alto 800 LX Optional,796.0
Maruti 800 Uniq,796.0
Hyundai Elite i20 Asta Option BSIV,1197.0
Maruti Omni CNG,796.0
Hyundai i20 1.4 Asta (AT),1396.0
Mercedes-Benz E-Class E250 CDI Avantgrade,2143.0
Ford Ecosport 1.5 DV5 MT Titanium Optional,1498.0
Audi A6 35 TFSI Matrix,1798.0
Tata Sumo CX 9 Seater,1948.0
Ambassador Grand 1500 DSZ BSIII,1995.0
Maruti Swift LDI BSIV,1248.0
Maruti Baleno RS 1.0 Petrol,998.0
Hyundai i20 Magna Optional 1.2,1197.0
Mahindra Logan Petrol 1.4 GLE,1390.0
Maruti Ciaz VDi Option SHVS,1248.0
Toyota Qualis FS B3,2446.0
Honda Accord 2.4 MT,2354.0
Maruti Swift ZXI BSIII,1298.0
Maruti Wagon R VXI Plus,998.0
Mahindra Bolero SLX 4WD BSIII,2523.0
Mahindra XUV500 W10 AWD,2179.0
Maruti Swift AMT ZXI BSIV,1197.0
Tata Nexon 1.2 Revotron XE,1198.0
Ford Figo 1.2P Ambiente MT,1196.0
Hyundai Verna 1.6 VTVT,1591.0
Maruti Ignis Zeta AMT,1197.0
Maruti Zen Estilo VXI BSIII,998.0
Mahindra XUV300 W8,1197.0
Volkswagen Polo 1.0 MPI Trendline BSIV,999.0
Maruti Wagon R Stingray VXI Optional,998.0
Maruti Omni Limited Edition,796.0
Hyundai Verna 1.6 SX CRDI (O) AT,1582.0
Toyota Etios Liva VXD,1364.0
Maruti 800 AC Uniq,796.0
Mitsubishi Lancer 2.0 GLd,1998.0
Tata Spacio Gold-10/6 Str BSII,2956.0
Renault Duster 110PS Diesel RxL AMT,1461.0
Mercedes-Benz New C-Class 200 K AT,1796.0
Mahindra Scorpio 2009-2014 SLE 7S BSIII,2179.0
Ford Figo 1.2P Trend MT,1196.0
Maruti Eeco CNG HTR 5-STR,1196.0
Volkswagen Ameo 1.2 MPI Comfortline,1198.0
Hyundai Accent Executive CNG,1495.0
Tata Sumo GX,2956.0
Hyundai i20 Active Base Petrol,1197.0
Mahindra Scorpio 2006-2009 VLX 2WD 7 Str BSIII,2179.0
Maruti Swift Dzire Ldi BSIV,1248.0
Honda Accord VTi-L MT,2354.0
Maruti Ciaz ZXi,1373.0
Mercedes-Benz E-Class Exclusive E 200 BSIV,1991.0
Hyundai Venue SX Plus Turbo DCT BSIV,998.0
Tata Tigor 1.2 Revotron XE,1199.0
Maruti Esteem LX - BSIII,1298.0
Maruti Ciaz 1.3 Sigma,1248.0
Hyundai i20 2015-2017 Magna 1.4 CRDi,1396.0
Maruti SX4 Green Vxi (CNG),1586.0
Volkswagen CrossPolo 1.5 TDI,1498.0
Toyota Fortuner 4x2 AT TRD Sportivo,2982.0
Ford EcoSport 1.5 TDCi Ambiente BSIV,1498.0
Tata Tiago 1.2 Revotron XM Option,1199.0
Renault Duster Petrol RXS CVT,1498.0
Honda Amaze S Petrol BSIV,1199.0
Maruti Swift VXI BSIII W/ ABS,1298.0
Honda City i VTEC VX Option,1497.0
Tata Indigo CS LS DiCOR,1405.0
Maruti Vitara Brezza ZXI Plus AT Dual Tone,1462.0
Hyundai Verna Transform VGT CRDi,1493.0
Tata Indigo eCS GLX,1193.0
Maruti Ciaz 1.3 Zeta,1248.0
Jeep Compass 2.0 Longitude BSIV,1956.0
Skoda Octavia L and K 1.9 TDI MT,1896.0
Renault KWID AMT,999.0
Renault Lodgy 85PS RxE,1461.0
Honda City S,1497.0
Mahindra Bolero LX Non AC BSIII,2523.0
Hyundai i20 Petrol CVT Asta,1197.0
Mahindra Scorpio 2.6 Turbo 7 Str,2609.0
Hyundai i20 Asta 1.4 CRDi (Diesel),1396.0
Tata Tiago 2019-2020 XZ Plus Diesel,1047.0
Maruti Ertiga 1.5 ZDI,1498.0
Renault KWID 1.0 RXT AMT Opt,999.0
Hyundai Verna SX Opt,1497.0
Mercedes-Benz New C-Class C 250 CDI Elegance,2143.0
Hyundai Verna SX,1497.0
Chevrolet Enjoy 1.4 LTZ 7,1399.0
Mahindra Scorpio S4 9 Seater,2179.0
Tata Sumo EX TC,1948.0
Maruti Swift VDi BSIII W/ ABS,1248.0
Mahindra XUV300 W8 Option Diesel BSIV,1497.0
Hyundai Elite i20 Sportz Plus Diesel,1396.0
Tata Tiago 1.05 Revotorq XT,1047.0
Maruti 800 AC LPG,796.0
Chevrolet Spark 1.0 PS LPG,995.0
Ford Fiesta Classic 1.4 Duratorq LXI,1388.0
Renault Duster 110PS Diesel RxZ Plus,1461.0
Volkswagen Vento Konekt Diesel Highline,1598.0
Toyota Innova 2.5 VX (Diesel) 7 Seater BS IV,2494.0
Mahindra Scorpio SLE BSIII,2179.0
Tata Sumo MKII CX BS IV,2179.0
Mahindra Scorpio 2009-2014 VLX 2WD 7S BSIV,2179.0
Skoda Rapid 1.5 TDI Active,1498.0
Skoda Kodiaq 2.0 TDI Style,1968.0
Maruti Swift ZXI BSIV,1197.0
Skoda Rapid 1.5 TDI AT Ambition,1498.0
Maruti Baleno Delta Diesel,1248.0
Honda Mobilio V i DTEC,1498.0
Hyundai Verna Transform SX VGT CRDi AT BS III,1493.0
Honda Jazz V,1199.0
Audi A4 2.0 TDI 177 Bhp Premium Plus,1968.0
Chevrolet Enjoy 1.3 TCDi LT 8,1248.0
Maruti Celerio X VXI,998.0
Tata Indigo eCS LX TDI BSIII,1396.0
Toyota Etios G,1496.0
Renault Scala Diesel RxE,1461.0
Volkswagen Passat Highline DSG S,1968.0
Tata Sumo Gold CX BSIII,2956.0
Chevrolet Enjoy TCDi LT 7 Seater,1248.0
Renault Duster RXL AWD,1461.0
Chevrolet Tavera Neo 3 LT 9 Seats BSIV,1994.0
Hyundai Accent GLS 1.6 ABS,1599.0
Maruti Zen LX BSII,993.0
Tata Indica V2 DLX,1396.0
Maruti Omni MPI STD BSIII 8-STR W/ IMMOBILISER,796.0
Tata Indica Vista Terra TDI BSIII,1405.0
Toyota Etios 1.4 VXD,1364.0
Ford Fiesta 1.4 Duratec ZXI,1388.0
Tata Venture EX 7 Str,1405.0
Tata Nano Twist XE,624.0
Ford Fiesta 1.6 Duratec EXI,1596.0
Mahindra Scorpio 2006-2009 LX 2.6 Turbo 9 Str,2609.0
Maruti Esteem AX,1298.0
Honda City i DTec VX,1498.0
Maruti Wagon R AX BSIII,1061.0
Tata Indica Vista Quadrajet VX Tech,1248.0
Mahindra KUV 100 mFALCON G80 K8 Dual Tone,1198.0
Maruti Ertiga VXI CNG Limited Edition,1373.0
Chevrolet Sail Hatchback Diesel Base,1248.0
Tata Tiago 1.05 Revotorq XT Option,1047.0
Skoda Octavia Ambiente 1.9 TDI MT,1896.0
Maruti Alto K10 LXI CNG,998.0
Hyundai Accent GLE CNG,1495.0
Skoda Superb Elegance 2.0 TDI CR AT,1968.0
Fiat Grande Punto 1.3 Emotion (Diesel),1248.0
Maruti Alto 800 LXI CNG,796.0
Mahindra TUV 300 T10,1493.0
Honda City 1.5 V MT Exclusive,1497.0
Fiat Linea 1.3 Multijet Active,1248.0
Maruti Ritz ZDi,1248.0
Isuzu D-Max V-Cross Z Prestige,1999.0
Volkswagen Polo GT TSI BSIV,1197.0
BMW 3 Series 320d Prestige,1995.0
Toyota Innova 2.5 EV Diesel MS 7 Str BSIII,2494.0
Tata Indica V2 DiCOR DLG BS-III,1396.0
Tata Nano Lx,624.0
Tata Sumo Gold GX,2956.0
Mahindra KUV 100 D75 K8,1198.0
Toyota Corolla DX,1794.0
Maruti Baleno Sigma,1197.0
Maruti Swift Dzire VXI Optional,1197.0
Mahindra XUV500 AT W9 2WD,2179.0
Hyundai i20 2015-2017 Asta 1.2,1197.0
Mahindra Bolero Pik-Up FB 1.7T,2523.0
Honda City i-DTEC ZX,1498.0
Hyundai Verna SX CRDi AT,1582.0
Volkswagen Ameo 1.0 MPI Comfortline,999.0
Renault Duster 85PS Diesel RxL Option,1461.0
Toyota Innova 2.5 Z Diesel 7 Seater,2494.0
Skoda Laura Ambiente 2.0 TDI CR MT,1968.0
Mercedes-Benz E-Class E350 Petrol,3498.0
Maruti Esteem Lxi - BSIII,1298.0
Maruti Omni 5 Seater BSIV,796.0
Maruti Ciaz Zeta Diesel,1248.0
BMW 5 Series 530d,2993.0
Mercedes-Benz New C-Class C 220 CDI Elegance AT,2143.0
Tata Indigo eCS LE TDI BSIII,1396.0
Hyundai Grand i10 AT Sportz,1197.0
Volkswagen Ameo 1.2 MPI Highline,1198.0
Hyundai i10 Sportz 1.2 AT,1197.0
Nissan Micra XL Optional,1198.0
Honda Jazz Basic,1198.0
Ford Fiesta 1.4 TDCi EXI,1399.0
BMW X3 xDrive20d,1995.0
Ford Fiesta 1.4 ZXi TDCi LE,1399.0
Mahindra Verito 1.5 D6 BSIII,1461.0
Ford Freestyle Trend Diesel BSIV,1498.0
Mercedes-Benz New C-Class C 220 CDI BE Avantgare,2143.0
Mercedes-Benz New C-Class 250 CDI Classic,2148.0
Ford Figo Titanium Blu,1194.0
Hyundai EON Magna Plus Option,814.0
Honda City i-VTEC V,1497.0
Maruti Swift Dzire LDIX Limited Edition,1248.0
Ford Fiesta Classic 1.6 Duratec CLXI,1596.0
Hyundai Xcent 1.2 CRDi E Plus,1186.0
Datsun RediGO SV 1.0,999.0
Maruti Celerio ZXI Optional MT BSIV,998.0
Fiat Grande Punto EVO 1.2 Dynamic,1172.0
Volkswagen Vento Petrol Trendline,1598.0
Datsun RediGO AMT 1.0 S,999.0
Skoda Rapid Monte Carlo 1.5 TDI AT BSIV,1498.0
Renault Duster 110PS Diesel RxL Explore,1461.0
Toyota Land Cruiser Prado VX L,2982.0
Chevrolet Tavera Neo LS B3 - 10 seats BSIII,2499.0
Honda Civic ZX,1799.0
Maruti Wagon R AMT VXI Plus,998.0
Honda Jazz 1.2 V AT i VTEC Privilege,1199.0
Honda Brio 1.2 E MT,1198.0
Ford Figo 1.5D Titanium Opt MT,1498.0
Hyundai i10 LPG,1086.0
Mahindra KUV 100 D75 K6 Plus 5Str,1198.0
Hyundai Elite i20 Sportz Plus Dual Tone BSIV,1197.0
Hyundai Creta 1.6 SX Diesel,1582.0
Hyundai i20 Diesel Asta Option,1396.0
Toyota Innova Crysta 2.4 VX MT,2393.0
Maruti Celerio VXI MT BSIV,998.0
Maruti Zen VXI,993.0
Ford Fiesta 1.4 SXi TDCi ABS,1399.0
BMW X1 sDrive20d,1995.0
Renault Duster 110PS Diesel RXZ Optional with Nav,1461.0
Maruti Alto AX,796.0
Maruti SX4 S Cross 2015-2017 DDiS 200 Alpha,1248.0
Tata Harrier XZ BSIV,1956.0
Datsun GO Plus T VDC,1198.0
Ford Endeavour 2.2 Titanium AT 4X2,2198.0
Maruti Zen Std,993.0
Mahindra Xylo D2 Maxx,2489.0
Ford Figo Aspire 1.5 Ti-VCT Titanium,1499.0
Hyundai i20 Active 1.4 S,1396.0
Ford Figo 1.5D Ambiente MT,1498.0
Chevrolet Enjoy 1.3 TCDi LS 8,1248.0
Mahindra Scorpio 1.99 S8,1997.0
Skoda Rapid 1.5 TDI Ambition BSIV,1498.0
Ford Fiesta 1.5 TDCi Ambiente,1498.0
Tata Indica Vista Terra Quadrajet 1.3L BS IV,1248.0
Datsun GO A,1198.0
Skoda Fabia 1.2L Diesel Ambiente,1199.0
Tata Indica Vista Aura 1.3 Quadrajet (ABS),1248.0
Hyundai Elite i20 Petrol CVT Magna Executive,1197.0
Volkswagen Polo Select 1.5 TDI Highline,1498.0
Maruti Wagon R LXI CNG Optional,998.0
Tata Nexon 1.5 Revotorq XZ Plus Dual Tone,1497.0
Maruti Ciaz ZXi Plus,1373.0
Honda Amaze S Diesel BSIV,1498.0
Maruti Ignis 1.2 Alpha BSIV,1197.0
Tata Tiago NRG Petrol AMT,1199.0
Ford EcoSport 1.5 TDCi Signature BSIV,1498.0
Ford Figo Aspire Titanium,1194.0
BMW X5 3.0d,2993.0
Tata Aria Pleasure 4x2,2179.0
Mahindra KUV 100 mFALCON G80 K6 AW,1198.0
Hyundai Santro Xing XK eRLX Euro II,1086.0
Mahindra Bolero Pik-Up CBC 1.7T,2523.0
Tata Tiago 2019-2020 XZ,1199.0
Toyota Innova Crysta 2.4 ZX AT,2393.0
Maruti Celerio ZXI Optional AMT BSIV,998.0
Skoda Rapid 1.6 TDI Ambition Plus Alloy,1598.0
Toyota Innova 2.5 EV Diesel PS 7 Seater BSIII,2494.0
Audi Q3 35 TDI Quattro Technology,1968.0
Maruti 800 EX 5 Speed,796.0
Tata Xenon XT EX 4X2,2179.0
Tata Manza Aura (ABS) Safire,1368.0
Honda Amaze Anniversary Edition,1498.0
Hyundai i10 Era 1.1 iTech SE,1086.0
Chevrolet Enjoy 1.3 TCDi LTZ 7,1248.0
Fiat Punto EVO 1.3 Emotion,1248.0
Volkswagen Ameo 1.5 TDI Highline Plus 16 AT,1498.0
Land Rover Range Rover Evoque 2.2L Pure,2179.0
Volkswagen Jetta 2.0L TDI Comfortline,1968.0
Mahindra Scorpio VLX 4WD AIRBAG BSIV,2179.0
Honda Amaze EX i-Vtech,1198.0
Tata New Safari DICOR 2.2 EX 4x4 BS IV,2179.0
Skoda Rapid 1.5 TDI AT Style BSIV,1498.0
Maruti Ciaz 1.4 Sigma,1373.0
Tata Indigo CS GLX BS III,1193.0
Ford Figo Petrol LXI,1196.0
Tata Indigo Grand Petrol,1396.0
Honda Civic 1.8 V MT Inspire,1799.0
Maruti Ertiga LDI,1248.0
Mahindra KUV 100 G80 K4 Plus 5Str,1198.0
Hyundai Santro Xing GL Plus LPG,1086.0
Mahindra TUV 300 mHAWK100 T8 AMT,1493.0
Renault KWID RXE,799.0
Datsun GO Plus D,1198.0
Jeep Compass 1.4 Sport,1368.0
Chevrolet Sail Hatchback 1.2,1199.0
Ford Ikon 1.6 Really Sport,1597.0
Maruti Ertiga LDI Option,1248.0
Hyundai Tucson CRDi,1991.0
Tata New Safari Dicor LX 4X2 BS IV,2179.0
Maruti Swift Lxi BSIII,1298.0
Tata Indica V2 DLS BSIII,1405.0
Mahindra Scorpio S10 4WD,2179.0
Maruti Swift LDI,1248.0
Mahindra KUV 100 mFALCON D75 K4,1198.0
Maruti Ciaz RS ZXi Plus,1373.0
Honda Amaze VX Petrol BSIV,1199.0
Chevrolet Cruze LTZ AT,1998.0
Mitsubishi Pajero Sport 4X4 Dual Tone,2477.0
Tata New Safari Dicor EX 4X2 BS IV,2179.0
Mahindra Scorpio 1.99 S4 Plus,1997.0
Mahindra Thar 4X4,2498.0
Honda BRV i-VTEC V MT,1497.0
Fiat Linea Emotion,1368.0
Maruti Dzire ZXI,1197.0
Volkswagen Vento 1.5 Highline Plus AT 16 Alloy,1498.0
Maruti Ritz VDi ABS,1248.0
Nissan Terrano XL,1598.0
Hyundai Accent Executive LPG,1495.0
Maruti Wagon R LXI DUO BS IV,998.0
Tata New Safari 4X4 EXI BSIII,2092.0
Ford Ecosport 1.5 Diesel Trend,1498.0
Tata New Safari DICOR 2.2 GX 4x2 BS IV,2179.0
Mahindra TUV 300 T6,1493.0
Volkswagen Polo Petrol Trendline 1.2L,1198.0
Honda CR-V 2.0L 2WD AT,1997.0
Maruti Ritz Genus VDi,1248.0
Skoda Octavia Rider 1.9 AT TDI,1896.0
Mahindra Marazzo M2 8Str BSIV,1497.0
Hyundai Getz 1.1 GLE,1086.0
Honda Amaze E i-VTEC,1198.0
Tata Indigo VS,1405.0
Honda City i DTec S,1498.0
Mercedes-Benz GLA Class 200,1991.0
Datsun GO Plus A Option Petrol,1198.0
Mahindra XUV500 W4 1.99 mHawk,1997.0
Maruti Swift Dzire AMT ZXI,1197.0
Mahindra KUV 100 D75 K4 Plus,1198.0
Tata Indica V2 DL,1396.0
Maruti Alto 800 VXI Optional,796.0
Mahindra KUV 100 D75 K8 Dual Tone,1198.0
Ford Figo 1.2P Sports Edition MT,1196.0
Mahindra KUV 100 mFALCON D75 K2,1198.0
Volkswagen Polo 2015-2019 GT 1.5 TDI,1498.0
Hyundai Elantra CRDi SX Option AT,1498.0
Volkswagen Vento 1.5 TDI Highline Plus AT,1498.0
Skoda Rapid 1.5 TDI Ambition Plus,1498.0
Volkswagen Passat Highline DSG S (Spl. Edition),1968.0
Skoda Octavia Ambiente 1.9 TDI,1896.0
Maruti Alto Green LXi (CNG),796.0
Hyundai Grand i10 CRDi SportZ Edition,1120.0
Ford Classic 1.6 Duratec CLXI,1596.0
Volkswagen Vento 1.5 TDI Highline Plus AT BSIV,1498.0
Renault Lodgy 85PS RxL,1461.0
Chevrolet Trailblazer LTZ 4X2 AT,2776.0
Isuzu MU 7 AT Premium,2999.0
Mercedes-Benz GLC 220d 4MATIC,1950.0
Hyundai Verna CRDi 1.6 EX,1582.0
Ford Fiesta 1.4 ZXi TDCi Limited Edition,1399.0
Maruti Swift AMT VDI,1248.0
Maruti Baleno Alpha CVT,1197.0
Audi A6 2.0 TDI Premium Plus,1968.0
Toyota Etios Liva 1.4 VD,1364.0
Hyundai Sonata 2.0L CRDi MT,1991.0
Mahindra XUV500 AT W8 FWD,2179.0
Skoda Octavia L and K 1.9 TDI (MT),1896.0
Hyundai Verna 1.6 SX VTVT AT,1591.0
Mitsubishi Pajero Sport Anniversary Edition,2477.0
Hyundai EON 1.0 Kappa Magna Plus Optional,998.0
Tata Tiago 2019-2020 XZ Plus Dual Tone,1199.0
Honda BR-V i-DTEC VX MT,1498.0
Honda BR-V i-VTEC VX MT,1497.0
Mercedes-Benz B Class B200 CDI Sport,2143.0
Renault Lodgy 85PS RxZ,1461.0
Tata Indica V2 1.2 GLE BSIII,1193.0
Mercedes-Benz GL-Class 350 CDI Blue Efficiency,2987.0
Audi A6 2.0 TDI,1968.0
Volvo XC60 Inscription D5 BSIV,1969.0
Nissan Kicks XV D BSIV,1461.0
Honda City i DTec E,1498.0
Maruti Wagon R LX Minor,998.0
Skoda Rapid 1.6 MPI Elegance,1598.0
Hyundai Accent GLS 1.6,1599.0
Maruti Ignis Zeta,1197.0
Renault KWID Climber 1.0 MT BSIV,999.0
Toyota Etios Liva G,1197.0
Chevrolet Tavera B2 8 Seats BSIII,2499.0
Chevrolet Tavera Neo LT-L - 9 seats BSII,2499.0
Chevrolet Spark 1.0 LT LPG,995.0
Mahindra Scorpio S5 BSIV,2179.0
Tata Tiago 1.2 Revotron XTA,1199.0
Toyota Corolla Altis Diesel D4DJ,1364.0
Tata Manza Aqua Quadrajet,1248.0
Isuzu D-Max V-Cross 4X4,2499.0
Hyundai Venue SX Plus Dual Tone Turbo DCT,998.0
Maruti Zen Classic,993.0
Renault Scala Diesel RxL,1461.0
Hyundai EON 1.0 Magna Plus Option O,998.0
Honda Mobilio S i VTEC,1497.0
BMW 3 Series 320d Corporate Edition,1995.0
Tata Nano LX SE,624.0
Chevrolet Sail Hatchback 1.2 LS,1199.0
Ford Figo 1.5 Sports Edition MT,1498.0
Ford EcoSport 1.5 TDCi Titanium Plus BE BSIV,1498.0
Volkswagen Vento Petrol Highline AT,1598.0
Ambassador Grand 2000 DSZ PW CL,1995.0
Honda Amaze VX i-VTEC,1198.0
Maruti Eeco 5 STR With AC Plus HTR CNG,1196.0
Mercedes-Benz E-Class E250 CDI Elegance,2143.0
Maruti Swift LDI SP Limited Edition,1248.0
Maruti Wagon R VXI AMT Opt 1.2,1197.0
Hyundai Xcent 1.2 VTVT SX Option,1197.0
Volvo S90 D4 Inscription BSIV,1969.0
Tata Tiago 1.2 Revotron XZ Plus Dual Tone,1199.0
Mahindra KUV 100 mFALCON G80 K4 Plus 5str,1198.0
Hyundai Verna SX Diesel,1493.0
Maruti S-Presso VXI AT,998.0
Hyundai Santro Xing XK eRLX EuroIII,1086.0
Renault Lodgy 85PS Std,1461.0
Renault Fluence 2.0,1997.0
Ford Figo Aspire Titanium Diesel,1499.0
Hyundai Verna CRDi 1.6 SX,1582.0
Maruti Baleno Alpha Diesel,1248.0
Tata New Safari Dicor VX 4X2,2179.0
Hyundai Santa Fe 4x4 AT,2199.0
Tata Indica Vista Aura 1.2 Safire BSIV,1172.0
Maruti Gypsy King Soft Top,1298.0
Chevrolet Aveo U-VA 1.2 LT,1150.0
Renault Duster RXZ 110PS AMT BSIV,1461.0
Honda Jazz V Diesel,1498.0
Volkswagen Polo Select 1.2 MPI Highline,1198.0
Ford Ecosport 1.5 Petrol Titanium,1496.0
Honda City i VTEC SV,1497.0
Honda Accord 2.4 A/T,2354.0
Audi A3 40 TFSI Premium,1798.0
Maruti SX4 ZXI MT BSIV,1586.0
Toyota Innova 2.5 E 7 STR,2494.0
Honda City ZXi AT,1493.0
Ford Fiesta 1.4 Duratorq EXI,1399.0
Chevrolet Cruze LT,1991.0
Maruti Celerio ZXI AMT BSIV,998.0
Tata Bolt Revotron XM,1193.0
Tata Manza Aura (ABS) Safire BS IV,1368.0
Tata Nexon 1.5 Revotorq XT,1497.0
Ford Freestyle Titanium Plus Diesel BSIV,1498.0
Toyota Innova 2.5 GX (Diesel) 8 Seater BS IV,2494.0
